Rank,Name,Net_Worth_Billion_USD,Age,Country,Source,Industry
1,Elon Musk,645,53,United States,Tesla SpaceX,Automotive
2,Larry Page,270,52,United States,Google,Technology
3,Jeff Bezos,255,61,United States,Amazon,Technology
4,Larry Ellison,251,80,United States,Oracle,Technology
5,Sergey Brin,251,51,United States,Google,Technology
6,Mark Zuckerberg,236,40,United States,Facebook,Technology
7,Bernard Arnault & family,178,76,France,LVMH,Fashion & Retail
8,Steve Ballmer,170,69,United States,Microsoft,Technology
9,Jensen Huang,156,62,United States,Semiconductors,Technology
10,Warren Buffett,151,94,United States,Berkshire Hathaway,Finance & Investments
11,Michael Dell,141,60,United States,Dell Technologies,Technology
12,Amancio Ortega,136,89,Spain,Zara,Fashion & Retail
13,Alice Walton,133,75,United States,Walmart,Fashion & Retail
14,Bill Gates,118,69,United States,Microsoft,Technology
15,Rob Walton & family,110,80,United States,Walmart,Fashion & Retail
16,Jim Walton & family,109,76,United States,Walmart,Fashion & Retail
17,Mukesh Ambani,107,67,India,Diversified,Diversified
18,Michael Bloomberg,105,83,United States,Bloomberg LP,Finance & Investments
19,Gautam Adani,84.5,62,India,"Infrastructure, commodities",Diversified
20,Carlos Slim Helu & family,82.5,85,Mexico,Telecom,Telecom
21,Francoise Bettencourt Meyers & family,81.6,71,France,L'Oréal,Fashion & Retail
22,Thomas Peterffy,79.1,80,United States,Discount brokerage,Finance & Investments
23,Julia Koch & family,74.2,62,United States,"Koch, Inc.",Diversified
24,Zhong Shanshan,71.6,70,China,"Beverages, pharmaceuticals",Food & Beverage
25,Charles Koch & family,67.5,89,United States,"Koch, Inc.",Diversified
26,Ma Huateng,66.5,53,China,Online games,Technology
27,Zhang Yiming,65.2,41,China,TikTok,Technology
28,Jeff Yass,63,66,United States,"Trading, investments",Finance & Investments
29,Stephen Schwarzman,53.4,78,United States,Investments,Finance & Investments
30,Eric Schmidt,53.1,69,United States,Google,Technology
31,Changpeng Zhao,51.3,48,Canada,Cryptocurrency exchange,Finance & Investments
32,Iris Fontbona & family,49.4,82,Chile,Mining,Metals & Mining
33,Ken Griffin,48.3,56,United States,Hedge funds,Finance & Investments
34,John Mars,48.2,89,United States,"Candy, pet food",Food & Beverage
35,Abigail Johnson,47.2,63,United States,Fidelity,Finance & Investments
36,Lukas Walton,47,38,United States,Walmart,Fashion & Retail
37,Jack Ma,45.4,60,China,E-commerce,Technology
38,Tadashi Yanai & family,45.1,76,Japan,Fashion retail,Fashion & Retail
39,Prajogo Pangestu,44.1,80,Indonesia,"Petrochemicals, energy",Diversified
40,William Ding,43.9,53,China,Online games,Technology
41,Alain Wertheimer,43.6,76,France,Chanel,Fashion & Retail
42,Gerard Wertheimer,43.6,74,France,Chanel,Fashion & Retail
43,Jacqueline Mars,42.6,85,United States,"Candy, pet food",Food & Beverage
44,Klaus-Michael Kuehne,41.5,87,Germany,Shipping,Logistics
45,Dieter Schwarz,41.2,85,Germany,Retail,Fashion & Retail
46,MacKenzie Scott,40.4,54,United States,Amazon,Technology
47,Colin Huang,40,45,China,E-commerce,Technology
48,Shiv Nadar,38.5,79,India,Software services,Technology
49,Li Ka-shing,38.2,96,Hong Kong,Diversified,Diversified
50,Giovanni Ferrero,38.2,60,Italy,"Nutella, chocolates",Food & Beverage
51,Gianluigi Aponte,38.1,84,Switzerland,Shipping,Logistics
52,Gina Rinehart,38.1,71,Australia,Mining,Metals & Mining
53,Robin Zeng,37.9,56,Hong Kong,Batteries,Automotive
54,Rafaela Aponte-Diamant,37.7,80,Switzerland,Shipping,Logistics
55,Len Blavatnik,37.7,67,United States,"Music, chemicals",Diversified
56,Eduardo Saverin,36.2,43,Brazil,Facebook,Technology
57,Masayoshi Son,35.9,67,Japan,"Telecom, Investments",Finance & Investments
58,Shapoor Mistry,35.7,60,Ireland,Diversified,Diversified
59,Savitri Jindal & family,35.5,75,India,Steel,Metals & Mining
60,Reinhold Wuerth & family,35.1,89,Germany,Fasteners,Manufacturing
61,Robert Pera,34.5,47,United States,Wireless networking,Technology
62,Andrea Pignataro,34.2,54,Italy,Financial software,Finance & Investments
63,Lei Jun,33.7,55,China,"Smartphones, automobiles",Technology
64,Mark Mateschitz,33.3,32,Austria,Red Bull,Food & Beverage
65,Susanne Klatten,32.6,62,Germany,"BMW, pharmaceuticals",Automotive
66,Henry Samueli,32.6,70,United States,Semiconductors,Technology
67,Miriam Adelson & family,32.1,79,United States,Casinos,Gambling & Casinos
68,Lakshmi Mittal,31.2,74,India,Steel,Metals & Mining
69,Eyal Ofer,31.1,74,Israel,"Real estate, shipping",Diversified
70,Marilyn Simons & family,31,74,United States,Hedge funds,Finance & Investments
71,Idan Ofer,30.7,69,Israel,Shipping,Diversified
72,Melinda French Gates,30.4,60,United States,"Microsoft, investments",Technology
73,Sunil Mittal,30,67,India,Telecom,Telecom
74,Aliko Dangote,29.9,67,Nigeria,"Cement, sugar",Manufacturing
75,Pham Nhat Vuong,29.9,56,Vietnam,Diversified,Diversified
76,Phil Knight & family,29.3,87,United States,Nike,Fashion & Retail
77,Vagit Alekperov,28.7,74,Russia,Oil,Energy
78,David Sun,28.7,73,United States,Computer hardware,Technology
79,John Tu,28.7,83,United States,Computer hardware,Technology
80,Alexey Mordashov & family,28.6,59,Russia,"Steel, investments",Metals & Mining
81,Germán Larrea Mota Velasco & family,28.6,71,Mexico,Mining,Metals & Mining
82,Leonid Mikhelson & family,28.4,69,Russia,"Gas, chemicals",Energy
83,Elaine Marshall & family,28.3,82,United States,Koch Inc.,Diversified
84,Stefan Quandt,28.3,58,Germany,BMW,Automotive
85,Liu Yongxing,28.2,76,China,Diversified,Service
86,Daniel Gilbert,27.8,63,United States,Rocket Mortgage,Finance & Investments
87,Azim Premji,27.8,79,India,Software services,Technology
88,Peter Thiel,27.7,57,United States,"Facebook, investments",Finance & Investments
89,Low Tuck Kwong,27.3,76,Indonesia,Coal,Energy
90,Adam Foroughi,27.1,44,United States,"marketing software, mobile games",Technology
91,Thomas Frist Jr. & family,27,86,United States,Hospitals,Healthcare
92,He Xiangjian & family,27,82,China,Home appliances,Manufacturing
93,Huang Shilin,26.6,58,China,Batteries,Automotive
94,Vladimir Lisin,26.5,68,Russia,"Steel, transport",Metals & Mining
95,Wang Chuanfu,26.4,58,China,"Batteries, automobiles",Automotive
96,Vladimir Potanin,26.2,64,Russia,Metals,Metals & Mining
97,Lyndal Stephens Greth & family,25.8,50,United States,Oil & gas,Energy
98,Dilip Shanghvi,24.9,69,India,Pharmaceuticals,Healthcare
99,Emmanuel Besnier,24.5,54,France,Cheese,Food & Beverage
100,Gennady Timchenko,23.2,72,Russia,"Oil, gas",Energy
101,Cyrus Poonawalla,23.1,83,India,Vaccines,Healthcare
102,Rupert Murdoch & family,23,94,United States,"Newspapers, TV network",Media & Entertainment
103,John Menard Jr.,22.9,85,United States,Home improvement stores,Fashion & Retail
104,Giancarlo Devasini,22.4,60,Italy,Cryptocurrency,Finance & Investments
105,R. Budi Hartono,22.4,84,Indonesia,"Banking, tobacco",Finance & Investments
106,Diane Hendricks,21.9,78,United States,Building supplies,Construction & Engineering
107,François Pinault & family,21.7,88,France,Luxury goods,Fashion & Retail
108,Michael Hartono,21.5,85,Indonesia,"Banking, tobacco",Manufacturing
109,Steve Cohen,21.3,68,United States,Hedge funds,Finance & Investments
110,David Tepper,21.3,67,United States,Hedge funds,Finance & Investments
111,Kumar Birla,20.9,57,India,Diversified,Diversified
112,Vicky Safra & family,20.7,72,Brazil,Banking,Finance & Investments
113,Lu Xiangyang,20,62,China,"Automobiles, batteries",Automotive
114,Takemitsu Takizaki,19.5,79,Japan,Sensors,Manufacturing
115,Harry Triguboff,19.1,92,Australia,Real estate,Real Estate
116,Donald Bren,18.9,92,United States,Real estate,Real Estate
117,Michael Platt,18.8,57,United Kingdom,Hedge funds,Finance & Investments
118,Eric Li,18.7,61,China,Automobiles,Automotive
119,Stefan Persson,18.6,77,Sweden,H&M,Fashion & Retail
120,Harold Hamm & family,18.5,79,United States,Oil & gas,Energy
121,Christy Walton,18.5,76,United States,Walmart,Fashion & Retail
122,Stephen Ross,18.4,84,United States,Real estate,Real Estate
123,Renata Kellnerova & family,18.2,57,Czech Republic,"Finance, telecommunications",Finance & Investments
124,Stanley Kroenke,18,77,United States,"Sports, real estate",Sports
125,Andreas von Bechtolsheim & family,17.9,69,Germany,Google,Technology
126,Andrey Melnichenko & family,17.4,53,Russia,"Fertilizers, coal",Metals & Mining
127,Manuel Villar,17.2,75,Philippines,Real estate,Real Estate
128,Pavel Durov,17.1,40,United Arab Emirates,Messaging app,Technology
129,John Fredriksen,17,80,Cyprus,Shipping,Logistics
130,Jorge Paulo Lemann & family,17,85,Brazil,Beer,Food & Beverage
131,Dustin Moskovitz,17,40,United States,Facebook,Technology
132,Philip Anschutz,16.9,85,United States,"Energy, sports, entertainment",Finance & Investments
133,Lin Bin,16.9,57,United States,Smartphones,Technology
134,Zhang Zhidong,16.9,53,China,Online games,Technology
135,Sherry Brydson,16.7,78,Canada,Thomson Reuters,Media & Entertainment
136,Alisher Usmanov,16.7,71,Russia,"Steel, telecom, investments",Metals & Mining
137,Jerry Jones & family,16.6,82,United States,Dallas Cowboys,Sports
138,Prince Alwaleed Bin Talal Alsaud,16.5,70,Saudi Arabia,Investments,Finance & Investments
139,Jan Koum,16.5,49,United States,WhatsApp,Technology
140,Suleiman Kerimov & family,16.4,59,Russia,Gold,Finance & Investments
141,Henry Nicholas III.,16.2,65,United States,Semiconductors,Technology
142,Wang Wei,16.2,54,China,Package delivery,Service
143,James Ratcliffe,16,72,United Kingdom,Chemicals,Manufacturing
144,Laurene Powell Jobs,15.6,61,United States,"Apple, Disney",Technology
145,Eric Smidt,15.6,65,United States,Hardware stores,Fashion & Retail
146,Radhakishan Damani,15.4,70,India,"Retail, investments",Fashion & Retail
147,George Kaiser,15.4,82,United States,"Oil & gas, banking",Energy
148,Zheng Shuliang & family,15.4,79,China,Aluminum products,Metals & Mining
149,Dhanin Chearavanont,15.2,85,Thailand,Diversified,Diversified
150,Hasso Plattner & family,15.2,81,Germany,Software,Technology
151,Theo Albrecht Jr. & family,15,74,Germany,"Aldi, Trader Joe's",Fashion & Retail
152,Karl Albrecht Jr. & family,15,77,Germany,Supermarkets,Fashion & Retail
153,Beate Heister,15,74,Germany,Supermarkets,Fashion & Retail
154,Vinod Adani,14.9,76,Cyprus,"Infrastructure, commodities",Diversified
155,Leon Black,14.9,73,United States,Private equity,Finance & Investments
156,Mike Cannon-Brookes,14.9,45,Australia,Software,Technology
157,Mikhail Fridman,14.9,60,Russia,"Oil, banking, telecom",Energy
158,Ernest Garcia II.,14.9,67,United States,Used cars,Automotive
159,Nancy Walton Laurie,14.7,73,United States,Walmart,Fashion & Retail
160,George Roberts,14.7,81,United States,Private equity,Finance & Investments
161,Arthur Dantchik,14.6,67,United States,"Trading, investments",Finance & Investments
162,James Dyson,14.6,77,United Kingdom,Vacuums,Manufacturing
163,Scott Farquhar,14.6,45,Australia,Software,Technology
164,Qin Yinglin,14.6,59,China,Pig breeding,Food & Beverage
165,Wang Xing,14.6,46,China,Food delivery,Technology
166,Dang Yanbao,14.5,52,China,Coal,Metals & Mining
167,Kushal Pal Singh,14.5,93,India,Real estate,Real Estate
168,Charlene de Carvalho-Heineken & family,14.4,70,Netherlands,Heineken,Food & Beverage
169,Andrew Forrest & family,14.4,63,Australia,Mining,Metals & Mining
170,Donald Newhouse,14.4,95,United States,Media,Media & Entertainment
171,David Cheriton,14.3,74,Canada,Google,Technology
172,Israel Englander,14.2,76,United States,Hedge funds,Finance & Investments
173,Ray Dalio,14,75,United States,Hedge funds,Finance & Investments
174,Uday Kotak,14,66,India,Banking,Finance & Investments
175,Johann Rupert & family,14,74,South Africa,Luxury goods,Fashion & Retail
176,David Duffield,13.9,84,United States,Business software,Technology
177,John Doerr,13.8,73,United States,Venture capital,Finance & Investments
178,Ravi Jaipuria,13.6,70,India,"Soft drinks, fast food",Food & Beverage
179,Joseph Lau,13.6,73,Hong Kong,Real estate,Real Estate
180,Ludwig Merckle,13.6,60,Germany,Pharmaceuticals,Finance & Investments
181,Shahid Khan,13.4,74,United States,Auto parts,Automotive
182,Henry Kravis,13.3,81,United States,Private equity,Finance & Investments
183,Zhou Qunfei & family,13.3,55,Hong Kong,Smartphone screens,Technology
184,Edward Johnson IV.,13.1,60,United States,Fidelity,Finance & Investments
185,Judy Love & family,13.1,87,United States,Gas stations,Fashion & Retail
186,Patrick Ryan,13.1,87,United States,Insurance,Finance & Investments
187,Michal Solowow,13.1,62,Poland,Investments,Finance & Investments
188,Goh Cheng Liang,13,97,Singapore,Paints,Manufacturing
189,Friedhelm Loh,13,78,Germany,Manufacturing,Manufacturing
190,Sarath Ratanavadi,12.9,59,Thailand,Energy,Energy
191,Li Xiting,12.8,74,Singapore,Medical devices,Healthcare
192,Anders Holch Povlsen,12.8,52,Denmark,Fashion retail,Fashion & Retail
193,David Reuben,12.8,86,United Kingdom,"Investments, real estate",Real Estate
194,Simon Reuben,12.8,83,United Kingdom,"Real estate, investments",Diversified
195,Ann Walton Kroenke,12.6,76,United States,Walmart,Fashion & Retail
196,Kwong Siu-hing,12.6,95,Hong Kong,Real estate,Real Estate
197,Chen Tianshi,12.5,40,China,Semiconductors,Technology
198,Peter Woo,12.5,78,Hong Kong,Real estate,Real Estate
199,Qi Shi & family,12.2,55,China,Financial information,Technology
200,Wang Liping & family,12.2,59,China,Hydraulic machinery,Manufacturing
201,Robert Kuok,12.1,101,Malaysia,"Palm oil, shipping, property",Diversified
202,Joseph Tsai,12.1,61,Canada,E-commerce,Technology
203,Wei Jianjun & family,12.1,61,China,Automobiles,Automotive
204,Antonia Ax:son Johnson & family,12,81,Sweden,Diversified,Diversified
205,Andrew Beal,12,72,United States,"Banks, real estate",Finance & Investments
206,Rick Cohen & family,12,72,United States,Warehouse automation,Technology
207,Robert Duggan,12,80,United States,Pharmaceuticals,Healthcare
208,Brad Jacobs,12,68,United States,Logistics,Logistics
209,J. Christopher Reyes,12,71,United States,Food distribution,Food & Beverage
210,Jude Reyes,12,69,United States,Food distribution,Food & Beverage
211,Jay Chaudhry,11.9,65,United States,Security software,Technology
212,Giorgio Armani,11.8,90,Italy,Luxury goods,Fashion & Retail
213,Robert Kraft,11.8,83,United States,"Manufacturing, New England Patriots",Sports
214,Barry Lam,11.7,75,Taiwan,Electronics,Technology
215,Charoen Sirivadhanabhakdi & family,11.7,80,Thailand,"Beverage, Real Estate",Food & Beverage
216,Ernesto Bertarelli,11.5,59,Switzerland,"Biotech, investments",Healthcare
217,Bubba Cathy,11.4,70,United States,Chick-fil-A,Food & Beverage
218,Dan Cathy,11.4,72,United States,Chick-fil-A,Food & Beverage
219,Trudy Cathy White,11.4,69,United States,Chick-fil-A,Food & Beverage
220,Martin Lorentzon,11.4,56,Sweden,Spotify,Technology
221,Jim Pattison,11.4,96,Canada,Diversified,Diversified
222,Antony Ressler,11.4,64,United States,Finance,Finance & Investments
223,David Steward,11.4,73,United States,IT provider,Technology
224,Tilman Fertitta,11.3,67,United States,"Entertainment, Houston Rockets",Food & Beverage
225,Lin Muqin & family,11.3,61,China,Beverages,Food & Beverage
226,Andreas Struengmann & family,11.3,75,Germany,Pharmaceuticals,Healthcare
227,Thomas Struengmann & family,11.3,75,Germany,Pharmaceuticals,Healthcare
228,Ken Fisher,11.2,74,United States,Money management,Finance & Investments
229,Elizabeth Johnson,11.1,61,United States,Fidelity,Finance & Investments
230,Sulaiman Al Habib,10.9,73,Saudi Arabia,Hospital group,Healthcare
231,Terry Gou,10.9,74,Taiwan,Electronics,Technology
232,Enrique Razon Jr.,10.9,65,Philippines,Ports,Logistics
233,Charles Butt,10.8,87,United States,Supermarkets,Fashion & Retail
234,John Malone,10.8,84,United States,Cable television,Media & Entertainment
235,Sandra Ortega Mera,10.8,56,Spain,Zara,Fashion & Retail
236,Charles Schwab,10.8,87,United States,Discount brokerage,Finance & Investments
237,Robert F. Smith,10.8,62,United States,Private equity,Finance & Investments
238,Georg Stumpf,10.8,52,Austria,"Real estate, construction",Diversified
239,Jaime Gilinski Bacal,10.7,67,Colombia,Banking,Finance & Investments
240,Ralph Lauren & Family,10.7,85,United States,Apparel,Fashion & Retail
241,Marijke Mars,10.7,60,United States,"Candy, pet food",Food & Beverage
242,Pamela Mars,10.7,64,United States,"Candy, pet food",Food & Beverage
243,Valerie Mars,10.7,66,United States,"Candy, pet food",Food & Beverage
244,Victoria Mars,10.7,68,United States,"Candy, pet food",Food & Beverage
245,Mikhail Prokhorov,10.7,59,Russia,Investments,Finance & Investments
246,Finn Rausing,10.7,70,Sweden,Packaging,Food & Beverage
247,Jorn Rausing,10.7,65,Sweden,Packaging,Food & Beverage
248,Kirsten Rausing,10.7,72,Sweden,Packaging,Food & Beverage
249,David Velez & family,10.7,43,Colombia,Fintech,Finance & Investments
250,Yu Yong,10.7,64,China,Mining,Finance & Investments
251,Carl Bennet,10.6,73,Sweden,Investments,Finance & Investments
252,Carl Cook,10.6,62,United States,Medical devices,Healthcare
253,Laurent Dassault,10.6,71,France,Diversified,Diversified
254,Thierry Dassault,10.6,68,France,Diversified,Diversified
255,Marie-Hélène Habert-Dassault,10.6,59,France,Diversified,Diversified
256,Richard Kinder,10.6,80,United States,Pipelines,Energy
257,Xavier Niel & family,10.6,57,France,"Internet, telecom",Telecom
258,Michael Rubin,10.6,52,United States,Online retail,Fashion & Retail
259,Zhong Huijuan,10.5,64,China,Pharmaceuticals,Healthcare
260,Leonid Fedun,10.4,68,Russia,Oil,Energy
261,Nicky Oppenheimer & family,10.4,79,South Africa,Diamonds,Metals & Mining
262,Riley Bechtel & family,10.3,73,United States,"Engineering, construction",Construction & Engineering
263,Vincent Bolloré & family,10.3,73,France,Investments,Finance & Investments
264,Gong Hongjia & family,10.3,60,Hong Kong,Video surveillance,Finance & Investments
265,Torstein Hagen,10.3,82,Norway,Cruises,Service
266,Pierre Omidyar,10.2,57,United States,"EBay, PayPal",Technology
267,Hussain Sajwani,10.2,72,United Arab Emirates,Real estate,Real Estate
268,Harry Stine & family,10.2,83,United States,Agriculture,Food & Beverage
269,David Thomson,10.2,67,Canada,Media,Media & Entertainment
270,Peter Thomson,10.2,,Canada,Thomson Reuters,Media & Entertainment
271,Taylor Thomson,10.2,,Canada,Thomson Reuters,Media & Entertainment
272,Zhang Congyuan,10.2,77,Taiwan,Shoes,Fashion & Retail
273,John Collison,10.1,34,Ireland,Payment software,Technology
274,Patrick Collison,10.1,36,Ireland,Payment software,Technology
275,Leonard Lauder,10.1,92,United States,Estee Lauder,Fashion & Retail
276,James Goodnight,9.9,82,United States,Software,Technology
277,Johann Graf,9.9,78,Austria,Gambling,Gambling & Casinos
278,Josh Harris,9.9,60,United States,Private equity,Finance & Investments
279,Quek Leng Chan,9.9,83,Malaysia,"Banking, property",Diversified
280,Francine von Finck & family,9.9,80,Germany,Investments,Finance & Investments
281,Marc Benioff,9.8,60,United States,Business software,Technology
282,Orlando Bravo,9.8,54,United States,Private equity,Finance & Investments
283,Dmitri Bukhman,9.8,39,Israel,Online games,Media & Entertainment
284,Igor Bukhman,9.8,43,Israel,Online games,Media & Entertainment
285,Mat Ishbia,9.8,45,United States,Mortgage lender,Finance & Investments
286,Michael Kim,9.8,61,United States,Private equity,Finance & Investments
287,Wang Ning & family,9.8,38,China,Toys,Media & Entertainment
288,Ivan Glasenberg,9.7,68,Switzerland,Mining,Metals & Mining
289,Li Shuirong & family,9.7,68,China,Petrochemicals,Manufacturing
290,German Khan,9.6,63,Russia,"Oil, banking, telecom",Energy
291,Carrie Perrodo & family,9.6,74,France,Oil,Energy
292,Viktor Rashnikov,9.6,76,Russia,Steel,Manufacturing
293,Nassef Sawiris,9.6,64,Egypt,"Construction, investments",Construction & Engineering
294,Paolo Ardoino,9.5,,Italy,Cryptocurrency,Finance & Investments
295,Todd Graves,9.5,53,United States,Fast food,Food & Beverage
296,Andrei Guryev & family,9.5,65,Russia,Fertilizers,Manufacturing
297,Viatcheslav Kantor,9.5,71,Russia,"Fertilizer, real estate",Manufacturing
298,Mangal Prabhat Lodha,9.5,69,India,Real estate,Real Estate
299,Gabe Newell,9.5,62,United States,Video games,Media & Entertainment
300,Pei Zhenhua,9.5,66,China,Batteries,Energy
301,Sun Piaoyang,9.5,66,China,Pharmaceuticals,Healthcare
302,Jean-Louis van der Velde,9.5,,Netherlands,Cryptocurrency,Finance & Investments
303,Tom Gores,9.4,60,United States,Private equity,Finance & Investments
304,Karel Komarek,9.4,56,Czech Republic,"Oil and gas, IT, lotteries",Gambling & Casinos
305,Daniel Kretinsky,9.4,49,Czech Republic,"Energy, investments",Energy
306,John Morris,9.4,77,United States,Sporting goods retail,Fashion & Retail
307,Alexander Otto,9.4,57,Germany,Real estate,Real Estate
308,Graeme Hart,9.3,69,New Zealand,Packaging,Finance & Investments
309,Ken Langone,9.3,89,United States,Investments,Finance & Investments
310,Randa Duncan Williams,9.3,63,United States,Pipelines,Energy
311,Wu Jianshu,9.3,61,Hong Kong,Auto parts,Automotive
312,Roman Abramovich & family,9.2,58,Russia,"Steel, investments",Diversified
313,William Ackman,9.2,58,United States,Hedge funds,Finance & Investments
314,Brian Armstrong,9.2,42,United States,Cryptocurrency,Finance & Investments
315,Dannine Avara,9.2,61,United States,Pipelines,Energy
316,Brian Chesky,9.2,43,United States,Airbnb,Technology
317,Piero Ferrari & family,9.2,79,Italy,Automobiles,Automotive
318,Milane Frantz,9.2,55,United States,Pipelines,Energy
319,Ramzi Musallam,9.2,56,United States,Private equity,Finance & Investments
320,Christopher Hohn,9.2,58,United Kingdom,Hedge funds,Finance & Investments
321,Pang Kang,9.2,69,China,Soy sauce,Food & Beverage
322,Nadia Thiele & family,9.2,49,Germany,Investments,Finance & Investments
323,Viktor Vekselberg,9.2,67,Russia,"Metals, investments",Diversified
324,Anthony Bamford & family,9.1,79,United Kingdom,Construction equipment,Construction & Engineering
325,Murali Divi & family,9.1,74,India,Pharmaceuticals,Healthcare
326,Michael Sabel,9.1,58,United States,Oil & gas,Energy
327,Sky Xu,9.1,41,China,E-commerce,Fashion & Retail
328,Wang Laisheng,9.1,60,Hong Kong,Electronics components,Technology
329,Robert Pender,9.1,71,United States,Oil & gas,Energy
330,Maria Asuncion Aramburuzabala & family,9,61,Mexico,"Beer, investments",Food & Beverage
331,Alejandro Baillères Gual & family,9,63,Mexico,Diversified,Diversified
332,Arthur Blank,9,82,United States,Home Depot,Sports
333,Nathan Blecharczyk,9,41,United States,Airbnb,Technology
334,Kenneth Dart,9,69,Belize,Investments,Finance & Investments
335,Scott Duncan,9,42,United States,Pipelines,Energy
336,Leonard Stern,9,87,United States,Real estate,Real Estate
337,Eric Wittouck,9,78,Belgium,Investments,Finance & Investments
338,Jack Dangermond,8.9,79,United States,Mapping software,Technology
339,Jonathan Gray,8.9,55,United States,Investments,Finance & Investments
340,Tobi Lutke,8.9,44,Canada,E-commerce,Technology
341,Wang Laichun,8.9,57,Hong Kong,Electronics components,Technology
342,Magdalena Martullo-Blocher,8.8,56,Switzerland,Chemicals,Manufacturing
343,Michael Otto,8.8,81,Germany,"Retail, real estate",Fashion & Retail
344,Micky Arison,8.7,75,United States,Carnival Cruises,Service
345,David Geffen,8.7,82,United States,"Movies, record labels",Media & Entertainment
346,Yi Zheng,8.7,54,China,Software,Technology
347,Zhu Yi,8.7,61,China,Pharmaceuticals,Healthcare
348,Jean-Michel Besnier,8.6,57,France,Cheese,Food & Beverage
349,Marie Besnier Beauvalot,8.6,44,France,Cheese,Food & Beverage
350,Elisabeth DeLuca & family,8.6,77,United States,Subway,Food & Beverage
351,Bruce Kovner,8.6,80,United States,Hedge funds,Finance & Investments
352,Forrest Li,8.6,47,Singapore,"Online gaming, e-commerce",Media & Entertainment
353,Ronda Stryker,8.6,70,United States,Medical equipment,Healthcare
354,Todd Boehly,8.5,51,United States,Finance,Finance & Investments
355,Tamara Gustavson,8.5,63,United States,Self storage,Service
356,Jimmy Haslam,8.5,71,United States,"Gas stations, retail",Fashion & Retail
357,Vikram Lal & family,8.5,83,India,Motorcycles,Automotive
358,Sri Prakash Lohia,8.5,72,Indonesia,Petrochemicals,Manufacturing
359,Robert Rowling,8.5,71,United States,"Hotels, investments",Service
360,Justin Sun,8.5,34,St. Kitts and Nevis,Cryptocurrency,Finance & Investments
361,Michael Dorrell,8.5,51,United States,Investing,Finance & Investments
362,Cho Jung-ho,8.4,66,South Korea,Finance,Finance & Investments
363,Alexander Karp,8.4,57,United States,Software firm,Technology
364,Thomas Schmidheiny,8.4,79,Switzerland,Cement,Construction & Engineering
365,Joe Gebbia,8.3,43,United States,Airbnb,Technology
366,Douglas Leone,8.3,67,United States,Venture capital,Finance & Investments
367,Igor Olenicoff,8.3,82,United States,Real estate,Real Estate
368,Pankaj Patel,8.3,72,India,Pharmaceuticals,Healthcare
369,Steven Rales,8.3,74,United States,"Manufacturing, investments",Manufacturing
370,John Brown,8.2,90,United States,Medical equipment,Healthcare
371,Francesco Gaetano Caltagirone,8.2,82,Italy,"Cement, diversified",Construction & Engineering
372,Hasmukh Chudgar & family,8.2,91,India,Pharmaceuticals,Healthcare
373,Thomas Hagen & family,8.2,89,United States,Insurance,Finance & Investments
374,Vinod Khosla,8.2,70,United States,"Sun Microsystems, venture capital",Technology
375,Chris Larsen,8.2,64,United States,Cryptocurrency,Finance & Investments
376,Jay Y. Lee,8.2,56,South Korea,Samsung,Technology
377,Anthony Pratt,8.2,64,Australia,Manufacturing,Manufacturing
378,Luis Carlos Sarmiento,8.2,92,Colombia,Banking,Finance & Investments
379,Xu Gaoming,8.2,60,China,Gold and jewelry,Fashion & Retail
380,Xu Hang,8.2,62,Hong Kong,Medical devices,Healthcare
381,Francis Choi,8.1,77,Hong Kong,Real estate,Real Estate
382,Paul Tudor Jones II.,8.1,70,United States,Hedge funds,Finance & Investments
383,Linda Campbell,8,,Canada,Thomson Reuters,Media & Entertainment
384,Chen Bang,8,59,China,Hospitals,Healthcare
385,Gaye Farncombe,8,,Canada,Thomson Reuters,Media & Entertainment
386,Marcos Galperin,8,,Argentina,E-commerce,Technology
387,Andreas Halvorsen,8,63,Norway,Hedge funds,Finance & Investments
388,Fredrik Lundberg,8,73,Sweden,"Real estate, investments",Real Estate
389,Mark Stevens,8,65,United States,Venture capital,Finance & Investments
390,Rinat Akhmetov,7.9,58,Ukraine,"Steel, coal",Metals & Mining
391,Juergen Blickle,7.9,78,Germany,Auto parts,Manufacturing
392,Ding Shizhong,7.9,54,China,Sports apparel,Fashion & Retail
393,Jeff Greene,7.9,70,United States,"Real estate, investments",Real Estate
394,Liu Hanyuan,7.9,61,China,"Agribusiness, new energy",Food & Beverage
395,Frank Lowy,7.9,94,Australia,Investments,Finance & Investments
396,Rajan Mittal,7.9,65,India,Telecom,Telecom
397,Rakesh Mittal,7.9,69,India,Telecom,Telecom
398,Nik Storonsky,7.9,40,United Kingdom,Fintech,Finance & Investments
399,Pavel Tykac,7.9,60,Czech Republic,Coal mines,Metals & Mining
400,Les Wexner & family,7.9,87,United States,Retail,Fashion & Retail
401,Chen Jianhua,7.8,54,China,Chemicals,Manufacturing
402,Daniel Ek,7.8,42,Sweden,Spotify,Technology
403,Don Hankey,7.8,81,United States,Auto loans,Finance & Investments
404,Richard Liu,7.8,51,China,E-commerce,Technology
405,Guillaume Pousaz,7.8,43,Switzerland,Fintech,Finance & Investments
406,Edward Roski Jr.,7.8,86,United States,Real estate,Real Estate
407,Jacques Saadé Jr.,7.8,53,France,Shipping,Logistics
408,Rodolphe Saadé,7.8,55,France,Shipping,Logistics
409,Tanya Saadé Zeenny,7.8,57,France,Shipping,Logistics
410,David Shaw,7.8,74,United States,Hedge funds,Finance & Investments
411,Judy Faulkner,7.7,81,United States,Healthcare software,Technology
412,Dan Friedkin,7.7,60,United States,Toyota dealerships,Automotive
413,Jeffery Hildebrand,7.7,66,United States,Oil & gas,Energy
414,Law Kar Po,7.7,76,Hong Kong,Real estate,Real Estate
415,Leo KoGuan,7.7,70,United States,IT provider,Technology
416,Lin Li,7.7,61,China,Investments,Finance & Investments
417,Kerry Stokes,7.7,84,Australia,"Construction equipment, media",Diversified
418,Maria Angelicoussis,7.6,43,Greece,Shipping,Logistics
419,Ding Shijia,7.6,61,China,Sports apparel,Fashion & Retail
420,Terrence Pegula,7.6,74,United States,Natural gas,Energy
421,Carlos Alberto Sicupira & family,7.6,77,Brazil,Beer,Food & Beverage
422,Stef Wertheimer & family,7.6,98,Israel,Metalworking tools,Manufacturing
423,Rahul Bhatia,7.5,65,India,Aviation,Service
424,Stephen Bisciotti,7.5,64,United States,"Staffing, Baltimore Ravens",Sports
425,Viktor Kharitonin,7.5,52,Russia,Pharmaceuticals,Healthcare
426,Alexei Kuzmichev,7.5,62,Russia,"Oil, banking, telecom",Energy
427,Marc Rowan,7.5,62,United States,Private equity,Finance & Investments
428,Jean Salata,7.5,59,Chile,Finance,Finance & Investments
429,Richard White,7.5,70,Australia,Software,Technology
430,Benu Gopal Bangur,7.4,93,India,Cement,Manufacturing
431,Dona Bertarelli,7.4,57,Switzerland,Biotech and investments,Healthcare
432,Juan Carlos Escotet,7.4,65,Venezuela,Banking,Finance & Investments
433,Michael Herz,7.4,81,Germany,Coffee,Fashion & Retail
434,Wolfgang Herz,7.4,74,Germany,Coffee,Fashion & Retail
435,Rekha Jhunjhunwala,7.4,61,India,Investments,Finance & Investments
436,Liang Wengen,7.4,68,China,Construction equipment,Manufacturing
437,Philip Ng,7.4,66,Singapore,Real Estate,Real Estate
438,Michael Saylor,7.4,60,United States,Cryptocurrency,Technology
439,John Overdeck,7.4,55,United States,Hedge funds,Finance & Investments
440,David Siegel,7.4,63,United States,Hedge funds,Finance & Investments
441,Andrei Skoch & family,7.4,59,Russia,Metals and mining,Metals & Mining
442,Dennis Washington,7.4,90,United States,"Construction, mining",Logistics
443,Denise Coates,7.3,57,United Kingdom,Online gambling,Gambling & Casinos
444,John Grayken,7.3,68,Ireland,Private equity,Finance & Investments
445,Pauline MacMillan Keinath,7.3,91,United States,Cargill,Food & Beverage
446,Nathan Kirsh,7.3,93,Eswatini (Swaziland),"Retail, real estate",Fashion & Retail
447,Li Ping,7.3,57,Hong Kong,Batteries,Automotive
448,Iskander Makhmudov,7.3,61,Russia,"Mining, metals, machinery",Metals & Mining
449,Alain Merieux & family,7.3,87,France,Pharmaceuticals,Healthcare
450,Robert Ng,7.3,73,Singapore,Real estate,Real Estate
451,Lynsi Snyder,7.3,42,United States,In-N-Out Burger,Food & Beverage
452,Zhou Chaonan,7.3,64,China,Manufacturing,Manufacturing
453,Neil Bluhm,7.2,87,United States,Real estate,Real Estate
454,Carl Douglas,7.2,63,Sweden,Investments,Diversified
455,Alexander Gerko,7.2,45,United Kingdom,Trading,Finance & Investments
456,Sofie Kirk Kristiansen,7.2,49,Denmark,Lego,Manufacturing
457,Thomas Kirk Kristiansen,7.2,46,Denmark,Lego,Manufacturing
458,Massimiliana Landini Aleotti & family,7.2,82,Italy,Pharmaceuticals,Healthcare
459,Karen Pritzker,7.2,67,United States,"Hotels, investments",Finance & Investments
460,Charles Simonyi,7.2,76,United States,Microsoft,Technology
461,George Soros,7.2,94,United States,Hedge funds,Finance & Investments
462,Agnete Kirk Thinggaard,7.2,41,Denmark,Lego,Manufacturing
463,You Xiaoping & family,7.2,67,China,Polyurethanes,Manufacturing
464,Gayle Benson,7.1,78,United States,New Orleans Saints,Sports
465,Cai Haoyu,7.1,37,China,Mobile games,Technology
466,Vyacheslav Kim,7.1,55,Kazakhstan,Fintech,Finance & Investments
467,Robert Rich Jr.,7.1,84,United States,Frozen foods,Food & Beverage
468,Teddy Sagi,7.1,53,Israel,Gambling software,Gambling & Casinos
469,Seo Jung-jin,7.1,67,South Korea,Biotech,Healthcare
470,Wang Yusuo & family,7.1,61,China,Natural gas distribution,Energy
471,Kelcy Warren,7.1,69,United States,Pipelines,Energy
472,Ken Xie & family,7.1,62,United States,Cybersecurity,Technology
473,Zhu Yan & family,7.1,54,China,Real estate,Real Estate
474,Edythe Broad & family,7,89,United States,"Homebuilding, insurance",Diversified
475,Eric Douglas,7,56,Sweden,Investments,Diversified
476,William Goldring & family,7,82,United States,Liquor,Food & Beverage
477,Jim Kavanaugh,7,62,United States,IT provider,Technology
478,Thai Lee,7,66,United States,IT provider,Technology
479,Michael Milken,7,78,United States,Investments,Finance & Investments
480,Georg Nemetschek & family,7,91,Germany,Software,Technology
481,Alexandra Schoerghuber & family,7,66,Germany,Real estate,Real Estate
482,Otto Toto Sugiri,7,71,Indonesia,Data centers,Technology
483,Richard Tsai,7,67,Taiwan,Finance,Finance & Investments
484,Maximilian Viessmann,7,36,Germany,"Heating, cooling equipment",Manufacturing
485,Zhang Hongchao,7,49,China,Bubble tea,Food & Beverage
486,Zhang Hongfu,7,41,China,Bubble tea,Food & Beverage
487,Clive Calder,6.9,78,United Kingdom,Record label,Media & Entertainment
488,Rafael Del Pino,6.9,66,Spain,Construction,Construction & Engineering
489,Stanley Druckenmiller,6.9,71,United States,Hedge funds,Finance & Investments
490,Andre Esteves,6.9,56,Brazil,Banking,Finance & Investments
491,Tom Golisano,6.9,83,United States,Payroll services,Service
492,Min Kao & family,6.9,76,United States,Navigation equipment,Technology
493,Yuri Milner,6.9,63,Israel,Tech investments,Finance & Investments
494,Gary Rollins & family,6.9,80,United States,Pest control,Service
495,Reinhold Schmieding,6.9,70,United States,Medical devices,Healthcare
496,Daniel Tsai,6.9,68,Taiwan,Finance,Finance & Investments
497,Zhang Xuexin & family,6.9,77,China,Aluminum,Metals & Mining
498,Mike Adenuga,6.8,71,Nigeria,"Telecom, oil",Diversified
499,Rahel Blocher,6.8,49,Switzerland,Chemicals,Manufacturing
500,Ray Lee Hunt,6.8,81,United States,"Oil, real estate",Energy
501,Joe Lewis,6.8,88,United Kingdom,Investments,Finance & Investments
502,Ty Warner,6.8,80,United States,"Plush toys, real estate",Real Estate
503,Chip Wilson,6.8,68,Canada,Lululemon,Fashion & Retail
504,Daniel Ziff,6.8,53,United States,Investments,Finance & Investments
505,Dirk Ziff,6.8,61,United States,Investments,Finance & Investments
506,Robert Ziff,6.8,58,United States,Investments,Finance & Investments
507,Michael Kadoorie,6.7,83,Hong Kong,"Hotels, energy",Energy
508,Li Xiang,6.7,43,China,Electric vehicles,Automotive
509,Blair Parry-Okeden,6.7,74,United States,"Media, automotive",Media & Entertainment
510,Wu Yajun,6.7,61,China,Real estate,Real Estate
511,Denise York & family,6.7,74,United States,San Francisco 49ers,Sports
512,Jason Chang,6.6,80,Singapore,Electronics,Technology
513,Scott Cook,6.6,72,United States,Software,Technology
514,Claudio Del Vecchio,6.6,68,Italy,Eyeglasses,Fashion & Retail
515,Clemente Del Vecchio,6.6,20,Italy,Eyeglasses,Fashion & Retail
516,Leonardo Maria Del Vecchio,6.6,29,Italy,Eyeglasses,Fashion & Retail
517,Luca Del Vecchio,6.6,23,Italy,Eyeglasses,Fashion & Retail
518,Marisa Del Vecchio,6.6,66,Italy,Eyeglasses,Fashion & Retail
519,Paola Del Vecchio,6.6,63,Italy,Eyeglasses,Fashion & Retail
520,Jim Kennedy,6.6,77,United States,"Media, automotive",Media & Entertainment
521,Ma Jianrong,6.6,61,China,"Textiles, apparel",Fashion & Retail
522,Samir Mehta,6.6,61,India,"Pharmaceuticals, power",Healthcare
523,Sudhir Mehta,6.6,70,India,"Pharmaceuticals, power",Healthcare
524,Doug Meijer & family,6.6,71,United States,Supermarkets,Fashion & Retail
525,Hank Meijer & family,6.6,73,United States,Supermarkets,Fashion & Retail
526,Mark Meijer & family,6.6,67,United States,Supermarkets,Fashion & Retail
527,Miuccia Prada,6.6,75,Italy,Luxury goods,Fashion & Retail
528,Tsai Eng-meng,6.6,68,Taiwan,"Food, beverages",Food & Beverage
529,Radovan Vitek,6.6,54,Czech Republic,Real estate,Real Estate
530,Nicoletta Zampillo,6.6,67,Italy,Eyeglasses,Fashion & Retail
531,Zhang Yong,6.6,54,Singapore,Restaurants,Food & Beverage
532,Rocco Basilico,6.6,35,Italy,Eyeglasses,Fashion & Retail
533,Patrizio Bertelli,6.6,79,Italy,Luxury goods,Fashion & Retail
534,Alain Bouchard,6.6,76,Canada,Convenience stores,Fashion & Retail
535,Ron Baron,6.5,81,United States,Money management,Finance & Investments
536,Tomasz Biernacki,6.5,52,Poland,Supermarkets,Fashion & Retail
537,Philippe Laffont,6.5,57,United States,Hedge fund,Finance & Investments
538,Fernando Roberto Moreira Salles,6.5,78,Brazil,"Banking, minerals",Diversified
539,Rocco Commisso,6.4,75,United States,Telecom,Telecom
540,Jim Davis & family,6.4,81,United States,New Balance,Manufacturing
541,Peter Gilgan,6.4,74,Canada,Homebuilding,Construction & Engineering
542,Sumet Jiaravanon,6.4,90,Thailand,Diversified,Diversified
543,Kjeld Kirk Kristiansen,6.4,77,Denmark,Lego,Manufacturing
544,Sami Mnaymneh,6.4,63,United States,Private equity,Finance & Investments
545,Thomas Pritzker,6.4,74,United States,"Hotels, investments",Finance & Investments
546,Dmitry Rybolovlev & family,6.4,58,Russia,Fertilizer,Manufacturing
547,Yasumitsu Shigeta,6.4,60,Japan,Mobile phone retailer,Telecom
548,Gil Shwed,6.4,56,Israel,Software,Technology
549,Tony Tamer,6.4,67,United States,Private equity,Finance & Investments
550,Pierre Chen,6.3,68,Taiwan,Electronics,Technology
551,Jaran Chiaravanont,6.3,95,Thailand,Diversified,Diversified
552,Jiang Rensheng & family,6.3,71,China,Vaccines,Healthcare
553,George Kurtz,6.3,54,United States,Security software,Technology
554,Joe Mansueto,6.3,68,United States,Investment research,Finance & Investments
555,Arnon Milchan,6.3,80,Israel,Movie making,Media & Entertainment
556,Michael Moritz,6.3,70,United States,Venture capital,Finance & Investments
557,Lynda Resnick,6.3,82,United States,Agriculture,Food & Beverage
558,Stewart Resnick,6.3,88,United States,Agriculture,Food & Beverage
559,Juan Roig,6.3,75,Spain,Supermarkets,Fashion & Retail
560,Patrick Drahi,6.2,61,France,Telecom,Telecom
561,Stuart Hoegner,6.2,,Canada,Cryptocurrency,Finance & Investments
562,Joseph Liemandt,6.2,56,United States,Software,Technology
563,Wolfgang Marguerre & family,6.2,83,Germany,Pharmaceuticals,Healthcare
564,Janice McNair & family,6.2,88,United States,"Energy, sports",Sports
565,Roger Penske,6.2,88,United States,Cars,Automotive
566,Paul Singer,6.2,80,United States,Hedge funds,Finance & Investments
567,Xu Shihui,6.2,67,China,"Snacks, beverages",Food & Beverage
568,Cao Renxian,6.1,56,China,Photovoltaic equipment,Energy
569,Gopikishan Damani,6.1,67,India,"Retail, investments",Fashion & Retail
570,Scott Kapnick,6.1,66,United States,Private equity,Finance & Investments
571,Miguel Krigsner,6.1,75,Brazil,Cosmetics,Fashion & Retail
572,Pedro Moreira Salles,6.1,65,Brazil,"Banking, minerals",Diversified
573,Frederik Paulsen,6.1,74,Sweden,Health care,Healthcare
574,Stefan von Holtzbrinck,6.1,61,Germany,Publishing,Media & Entertainment
575,Remon Vos,6.1,54,Netherlands,Logistics real estate,Real Estate
576,Ronald Wanek,6.1,83,United States,Furniture,Manufacturing
577,Erich Wesjohann & family,6.1,79,Germany,Poultry genetics,Food & Beverage
578,Yu Renrong,6.1,59,China,Semiconductors,Manufacturing
579,Zeng Fangqin,6.1,59,Hong Kong,Smartphone components,Technology
580,Alexander Abramov,6,66,Russia,"Steel, mining",Metals & Mining
581,Shari Arison,6,67,Israel,Carnival Cruises,Service
582,James Clark,6,81,United States,"Netscape, investments",Technology
583,Chase Coleman III.,6,49,United States,Investments,Finance & Investments
584,Niels Peter Louis-Hansen,6,77,Denmark,Medical devices,Healthcare
585,Lachhman Das Mittal,6,94,India,Tractors,Automotive
586,Theo Mueller,6,85,Germany,Dairy,Food & Beverage
587,Stefano Pessina,6,83,Monaco,Drugstores,Fashion & Retail
588,Horst Julius Pudwill,6,80,Germany,Manufacturing,Manufacturing
589,Jeff Rothschild,6,70,United States,Facebook,Technology
590,Mark Scheinberg,6,51,Canada,Online gambling,Gambling & Casinos
591,Elizabeth Uihlein,6,79,United States,Packaging materials,Manufacturing
592,Richard Uihlein,6,79,United States,Packaging materials,Manufacturing
593,Don Vultaggio & family,6,73,United States,Beverages,Food & Beverage
594,Mark Walter,6,64,United States,"Finance, asset management",Finance & Investments
595,Michael Xie,6,56,United States,Cybersecurity,Technology
596,Maria Fernanda Amorim & family,5.9,90,Portugal,"Energy, investments",Diversified
597,Archie Aldis Emmerson & family,5.9,95,United States,"Timberland, lumber mills",Manufacturing
598,Rakesh Gangwal,5.9,71,United States,Airline,Service
599,Liu Yonghao & family,5.9,73,China,Agribusiness,Service
600,Mikhail Lomtadze,5.9,49,Georgia,Fintech,Finance & Investments
601,Odd Reitan & family,5.9,73,Norway,"Retail, real estate",Fashion & Retail
602,Ruan Liping,5.9,60,Hong Kong,Power strips,Manufacturing
603,Patrick Soon-Shiong,5.9,72,United States,Pharmaceuticals,Healthcare
604,Robert Bass,5.8,77,United States,"Oil, investments",Energy
605,Rick Caruso,5.8,66,United States,Real estate,Real Estate
606,Mikhail Gutseriev,5.8,67,Russia,"Oil, coal, real estate",Energy
607,Robert Hale Jr.,5.8,58,United States,Telecom,Telecom
608,Daryl Katz,5.8,63,Canada,Pharmacies,Diversified
609,Cliff Obrecht,5.8,39,Australia,Software,Technology
610,Melanie Perkins,5.8,37,Australia,Software,Technology
611,Gianfelice Rocca,5.8,77,Italy,Pipe manufacturing,Metals & Mining
612,Paolo Rocca,5.8,72,Italy,Pipe manufacturing,Metals & Mining
613,Ruan Xueping,5.8,53,Hong Kong,Power strip,Manufacturing
614,Fred Smith,5.8,80,United States,FedEx,Logistics
615,Stephen Smith,5.8,73,Canada,Finance and investments,Finance & Investments
616,Max Van Hoegaerden Herrmann Telles,5.8,,Brazil,Beer,Food & Beverage
617,Timur Turlov,5.8,37,Kazakhstan,Stock brokerage,Finance & Investments
618,Vincent Viola,5.8,69,United States,Electronic trading,Finance & Investments
619,Rajiv Bajaj,5.7,58,India,Diversified,Diversified
620,Sanjiv Bajaj,5.7,55,India,Diversified,Diversified
621,Alexandre Behring,5.7,58,Brazil,Investments,Finance & Investments
622,Mark Cuban,5.7,66,United States,"Online media, Dallas Mavericks",Media & Entertainment
623,Ernest Garcia III,5.7,42,United States,Used cars,Automotive
624,Sofia Högberg Schörling,5.7,46,Sweden,Investments,Diversified
625,Vladimir Kim,5.7,64,Kazakhstan,Mining,Metals & Mining
626,Annette Lerner & family,5.7,95,United States,Real estate,Real Estate
627,Li Hua,5.7,47,China,Financial services,Finance & Investments
628,Robin Li,5.7,56,China,Internet search,Technology
629,Märta Schörling Andreen,5.7,40,Sweden,Investments,Diversified
630,John A. Sobrato & family,5.7,85,United States,Real estate,Real Estate
631,Tim Sweeney,5.7,54,United States,Video games,Media & Entertainment
632,Anthony von Mandl,5.7,75,Canada,Alcoholic beverages,Food & Beverage
633,Martin Haefner,5.6,71,Switzerland,"Software, investments",Technology
634,Renuka Jagtiani,5.6,71,India,Retail,Fashion & Retail
635,Dan Kurzius,5.6,53,United States,Email marketing,Technology
636,Jon Stryker,5.6,66,United States,Medical equipment,Healthcare
637,Samuel Yin,5.6,74,Taiwan,Retail,Diversified
638,Andrew Currie,5.5,69,United Kingdom,Chemicals,Manufacturing
639,Heinrich Otto Deichmann,5.5,62,Germany,"Shoes, retail",Fashion & Retail
640,John Henry,5.5,75,United States,Sports,Sports
641,Mitchell Morgan & family,5.5,70,United States,Real estate,Real Estate
642,John Reece,5.5,68,United Kingdom,Chemicals,Manufacturing
643,Bruce Flatt,5.5,59,Canada,Money management,Finance & Investments
644,Arkady Rotenberg,5.5,73,Russia,"Construction, pipes, banking",Construction & Engineering
645,Tsai Hong-tu,5.5,72,Taiwan,Finance,Finance & Investments
646,Murat Ulker,5.5,66,Turkey,Food,Food & Beverage
647,M.A. Yusuff Ali,5.5,69,India,Retail,Fashion & Retail
648,Zong Fuli,5.5,43,China,Beverages,Food & Beverage
649,Albert Boehringer,5.4,84,Germany,Pharmaceuticals,Healthcare
650,Barbara Boehringer,5.4,52,Germany,Pharmaceuticals,Healthcare
651,Christian Boehringer,5.4,59,Germany,Pharmaceuticals,Healthcare
652,Christoph Boehringer,5.4,54,Germany,Pharmaceuticals,Healthcare
653,Isabel Boehringer,5.4,44,Germany,Pharmaceuticals,Healthcare
654,Mathias Boehringer,5.4,56,Germany,Pharmaceuticals,Healthcare
655,Otto Boehringer,5.4,94,Germany,Pharmaceuticals,Healthcare
656,Philipp Boehringer,5.4,46,Germany,Pharmaceuticals,Healthcare
657,Jeremy Jacobs Sr. & family,5.4,85,United States,Food service,Service
658,Steve Lavin & family,5.4,69,United States,Meat processing,Food & Beverage
659,Li Ge,5.4,58,United States,Pharmaceuticals,Healthcare
660,Rudolf Maag,5.4,79,Switzerland,Medical devices,Healthcare
661,Christiane Schoeller,5.4,57,Germany,Publishing,Media & Entertainment
662,Thomas Secunda,5.4,70,United States,Bloomberg LP,Finance & Investments
663,Tsai Cheng-ta,5.4,75,Taiwan,Finance,Finance & Investments
664,Erich von Baumbach,5.4,53,Germany,Pharma,Healthcare
665,Franz von Baumbach,5.4,23,Germany,Pharma,Healthcare
666,Hubertus von Baumbach,5.4,57,Germany,Pharma,Healthcare
667,Johannes von Baumbach,5.4,19,Germany,Pharma,Healthcare
668,Katharina von Baumbach,5.4,25,Germany,Pharma,Healthcare
669,Maximilian von Baumbach,5.4,27,Germany,Pharma,Healthcare
670,Ulrike von Baumbach,5.4,83,Germany,Pharma,Healthcare
671,Frank Wang,5.4,44,China,Drones,Technology
672,William Berkley & family,5.3,78,United States,Insurance,Finance & Investments
673,Margot Birmingham Perot,5.3,91,United States,"Computer services, real estate",Technology
674,Smita Crishna Godrej,5.3,74,India,Consumer goods,Diversified
675,Giuseppe De'Longhi & family,5.3,85,Italy,Coffee makers,Fashion & Retail
676,Dagmar Dolby & family,5.3,83,United States,Dolby Laboratories,Technology
677,Fan Daidi,5.3,59,China,Skincare,Fashion & Retail
678,Jiang Bin,5.3,58,China,Acoustic components,Technology
679,Andre Koo,5.3,57,Taiwan,Financial services,Finance & Investments
680,Dinara Kulibaeva,5.3,57,Kazakhstan,Banking,Finance & Investments
681,Timur Kulibayev,5.3,58,Kazakhstan,Banking,Finance & Investments
682,Jeffrey Lurie,5.3,73,United States,Philadelphia Eagles,Sports
683,Klaus-Peter Schulenberg,5.3,73,Germany,Ticketing service,Service
684,Steven Spielberg,5.3,78,United States,Movies,Media & Entertainment
685,Edward Stack & family,5.3,70,United States,Dick's Sporting Goods,Fashion & Retail
686,Sergio Stevanato & family,5.3,82,Italy,Medical packaging,Healthcare
687,Leonid Boguslavsky,5.2,73,Canada,Venture capital,Finance & Investments
688,Tench Coxe,5.2,67,United States,Venture capital,Finance & Investments
689,Jamshyd Godrej,5.2,76,India,"Consumer goods, real estate",Real Estate
690,Reed Hastings,5.2,64,United States,Netflix,Technology
691,Dietmar Hopp & family,5.2,84,Germany,Software,Technology
692,Mark Leonard & family,5.2,68,Canada,Software,Technology
693,Luo Liguo & family,5.2,69,China,Chemicals,Manufacturing
694,Trevor Rees-Jones,5.2,73,United States,Oil & gas,Energy
695,Jeff Skoll,5.2,60,United States,EBay,Technology
696,Anna Viegener,5.2,34,Germany,Plumbing/HVAC,Manufacturing
697,Franz Viegener,5.2,42,Germany,Plumbing/HVAC,Manufacturing
698,Russell Savage,5.2,54,United States,Energy drinks,Food & Beverage
699,Michael Ashley,5.1,60,United Kingdom,Sports retailing,Fashion & Retail
700,Bob Gaglardi & family,5.1,84,Canada,Hotels,Real Estate
701,Gao Dekang & family,5.1,73,China,Apparel,Fashion & Retail
702,Bill Haslam,5.1,66,United States,Gas stations,Fashion & Retail
703,Justin Ishbia,5.1,47,United States,Private equity,Finance & Investments
704,Ian Livingstone,5.1,62,United Kingdom,Real estate,Real Estate
705,Richard Livingstone,5.1,60,United Kingdom,Real estate,Real Estate
706,George Lucas,5.1,80,United States,Star Wars,Media & Entertainment
707,Tom Morris,5.1,70,United Kingdom,Retail,Fashion & Retail
708,Abdulsamad Rabiu,5.1,64,Nigeria,"Cement, sugar",Diversified
709,Mark Shoen,5.1,74,United States,U-Haul,Automotive
710,Herb Simon,5.1,90,United States,Real estate,Real Estate
711,Jerzy Starak,5.1,77,Poland,Pharmaceuticals,Healthcare
712,Thomas Straumann,5.1,61,Switzerland,Dental implants,Healthcare
713,Donald Trump,5.1,78,United States,Real estate,Real Estate
714,Mario Verrocchi,5.1,67,Australia,Pharmacies,Fashion & Retail
715,Zhang Daocai,5.1,75,China,Valves,Diversified
716,Albert Avdolyan,5,54,Russia,"Oil, mining",Energy
717,George Bishop,5,87,United States,Oil & gas,Energy
718,Garrett Camp,5,46,Canada,Uber,Technology
719,Ben Chestnut,5,50,United States,Email marketing,Technology
720,Robert Faith,5,61,United States,Real estate management,Real Estate
721,Michael Federmann & family,5,81,Israel,"Defense, hotels",Technology
722,Stephen Feinberg,5,65,United States,Private equity,Finance & Investments
723,Gordon Getty & family,5,91,United States,Getty Oil,Energy
724,Margarita Louis-Dreyfus & family,5,62,Switzerland,Commodities,Food & Beverage
725,Arturo Moreno,5,78,United States,"Billboards, Los Angeles Angels",Sports
726,Naguib Sawiris,5,70,Egypt,Telecom,Telecom
727,Vivek Chaand Sehgal,5,68,Australia,Auto parts,Automotive
728,Tahir & family,5,73,Indonesia,Diversified,Diversified
729,Ling Tang,5,,Canada,"Marketing software, mobile games",Technology
730,Romesh T. Wadhwani,5,77,United States,Software,Technology
731,Gang Ye,5,44,Singapore,"Online gaming, e-commerce",Media & Entertainment
732,Zhu Baoguo & family,5,62,China,Pharmaceuticals,Healthcare
733,Danielle Bellon & family,4.9,85,France,Food services,Service
734,Marina Budiman,4.9,63,Indonesia,Data centers,Technology
735,Peter Cancro,4.9,67,United States,Jersey Mike's Subs,Food & Beverage
736,Jim Coulter,4.9,65,United States,Private equity,Finance & Investments
737,Evangelos Marinakis & family,4.9,57,Greece,"Shipping, soccer",Logistics
738,Hans Georg Naeder & family,4.9,63,Germany,Prosthetics,Manufacturing
739,Isaac Perlmutter,4.9,82,United States,Marvel comics,Media & Entertainment
740,Jean (Gigi) Pritzker,4.9,62,United States,"Hotels, investments",Service
741,Chandru Raheja,4.9,84,India,Real estate,Real Estate
742,Matthias Reinhart,4.9,65,Switzerland,Financial services,Finance & Investments
743,Kjell Inge Rokke,4.9,66,Norway,"Shipping, seafood",Logistics
744,Ricardo Salinas Pliego & family,4.9,69,Mexico,"Retail, media",Fashion & Retail
745,John Sall,4.9,76,United States,Software,Technology
746,Helmut Sohmen,4.9,85,Austria,Shipping,Logistics
747,Yitzhak Tshuva,4.9,76,Israel,Real estate,Real Estate
748,Nusli Wadia,4.9,81,India,Consumer goods,Food & Beverage
749,Zhang Hejun,4.9,73,China,Electronics,Manufacturing
750,Bert Beveridge,4.8,63,United States,Vodka,Food & Beverage
751,Nikolai Buinov,4.8,57,Russia,"Oil, gas",Energy
752,Alejandro Bulgheroni,4.8,80,Argentina,Oil & gas,Energy
753,Marian Ilitch & family,4.8,92,United States,Little Caesars Pizza,Food & Beverage
754,Martha Ingram & family,4.8,89,United States,"Book distribution, transportation",Media & Entertainment
755,James Irsay,4.8,65,United States,Indianapolis Colts,Sports
756,Charles B. Johnson,4.8,92,United States,Franklin Templeton,Finance & Investments
757,Helen Johnson-Leipold,4.8,68,United States,Cleaning products,Manufacturing
758,Dewi Kam,4.8,74,Indonesia,Coal,Energy
759,N.R. Narayana Murthy,4.8,78,India,Software services,Technology
760,Ben Navarro,4.8,62,United States,Investments,Finance & Investments
761,Tomas Olivo Lopez,4.8,51,Spain,Shopping centers,Real Estate
762,Michael Pieper,4.8,79,Switzerland,Kitchen appliances,Manufacturing
763,Hansjoerg Wyss,4.8,90,Switzerland,Medical devices,Healthcare
764,Xia Zuoquan,4.8,63,China,"Automobiles, batteries",Automotive
765,Zhang Tao,4.8,52,China,E-commerce,Fashion & Retail
766,Abdulla Al Futtaim & family,4.7,85,United Arab Emirates,"Auto dealers, investments",Automotive
767,Pyotr Aven,4.7,70,Russia,"Oil, banking, telecom",Finance & Investments
768,Chen Dongsheng,4.7,67,China,Insurance,Finance & Investments
769,Ryan Cohen,4.7,39,Canada,Investments,Finance & Investments
770,Barry Diller,4.7,83,United States,Online media,Media & Entertainment
771,Danny Harris,4.7,52,United States,Alo Yoga,Fashion & Retail
772,Fernand Huts,4.7,74,Belgium,"Logistics, transportation",Logistics
773,Rajiv Jain,4.7,57,United States,Finance,Finance & Investments
774,H. Fisk Johnson,4.7,66,United States,Cleaning products,Manufacturing
775,S. Curtis Johnson,4.7,69,United States,Cleaning products,Manufacturing
776,Peter Kellogg,4.7,82,United States,Investments,Finance & Investments
777,Ronald Lauder,4.7,81,United States,Estee Lauder,Fashion & Retail
778,Richard Li,4.7,58,Hong Kong,"Insurance, telecom",Finance & Investments
779,Winifred J. Marquart,4.7,65,United States,Cleaning products,Manufacturing
780,Vikas Oberoi,4.7,54,India,Real estate,Real Estate
781,Karsanbhai Patel,4.7,81,India,"Consumer goods, cement",Diversified
782,Phil Ruffin,4.7,90,United States,"Casinos, real estate",Diversified
783,Takahisa Takahara,4.7,63,Japan,Personal care goods,Fashion & Retail
784,Tse Ping & family,4.7,73,China,Pharmaceuticals,Healthcare
785,Herbert Wertheim,4.7,85,United States,Investments,Finance & Investments
786,Eric Yuan & family,4.7,55,United States,Zoom Video Communications,Technology
787,Marco DeGeorge,4.7,51,United States,Alo Yoga,Fashion & Retail
788,Abdulla bin Ahmad Al Ghurair & family,4.6,96,United Arab Emirates,Diversified,Diversified
789,Vanich Chaiyawan,4.6,92,Thailand,"Insurance, beverages",Finance & Investments
790,Fan Hongwei,4.6,58,China,Petrochemicals,Energy
791,Vinod Rai Gupta,4.6,79,India,Electrical equipment,Manufacturing
792,Carl Icahn,4.6,89,United States,Investments,Finance & Investments
793,Hamilton James & family,4.6,73,United States,Investments,Finance & Investments
794,Tatyana Kim,4.6,49,Russia,E-commerce,Fashion & Retail
795,Lai Meisong,4.6,54,China,Package delivery,Logistics
796,Michel Leclercq & family,4.6,85,France,Sporting goods,Fashion & Retail
797,Gwendolyn Sontheim Meyer,4.6,63,United States,Cargill,Food & Beverage
798,H. Ross Perot Jr.,4.6,66,United States,Real estate,Real Estate
799,Takao Yasuda,4.6,75,Japan,Retail,Fashion & Retail
800,J. Hyatt Brown,4.5,87,United States,Insurance,Finance & Investments
801,John Catsimatidis,4.5,76,United States,"Oil, real estate",Energy
802,George Economou,4.5,72,Greece,Shipping,Logistics
803,Laurence Graff & family,4.5,86,United Kingdom,Diamond jewelry,Fashion & Retail
804,Lutz Mario Helmig & family,4.5,78,Germany,Hospitals,Healthcare
805,Hong Feng,4.5,48,China,Smartphones,Technology
806,Thomas Kaeser,4.5,71,Germany,Air systems,Manufacturing
807,Andrew Karam,4.5,43,United States,"Marketing software, mobile games",Technology
808,Igor Kesaev,4.5,58,Russia,"Tobacco distribution, retail",Fashion & Retail
809,Jeffrey Koo Jr.,4.5,60,Taiwan,Finance,Finance & Investments
810,Li Wanqiang,4.5,47,China,Smartphones,Technology
811,Joao Moreira Salles,4.5,63,Brazil,"Banking, minerals",Diversified
812,Walther Moreira Salles Junior,4.5,68,Brazil,"Banking, minerals",Finance & Investments
813,Agoes Projosasmito,4.5,69,Indonesia,"Mining, investment",Metals & Mining
814,Wolfgang Reimann,4.5,72,Germany,Consumer goods,Fashion & Retail
815,Matthias Reimann-Andersen,4.5,60,Germany,Consumer goods,Fashion & Retail
816,Stefan Reimann-Andersen,4.5,61,Germany,Consumer goods,Fashion & Retail
817,Renate Reimann-Haas,4.5,73,Germany,Consumer goods,Fashion & Retail
818,Lynn Schusterman & family,4.5,86,United States,"Oil & gas, investments",Energy
819,E. Joe Shoen,4.5,75,United States,U-Haul,Automotive
820,Dan Snyder,4.5,60,United States,Washington Commanders,Sports
821,Michal Strnad,4.5,32,Czech Republic,Defense contracting,Manufacturing
822,James Chambers,4.4,67,United States,"Media, automotive",Media & Entertainment
823,Cho Tak Wong,4.4,78,Hong Kong,Auto parts,Manufacturing
824,Eleanor Butt Crook & family,4.4,92,United States,Supermarkets,Fashion & Retail
825,Brunello Cucinelli & family,4.4,71,Italy,Fashion,Fashion & Retail
826,Daniel D'Aniello,4.4,78,United States,Private equity,Finance & Investments
827,Beatriz Davila de Santo Domingo,4.4,86,Colombia,Beer,Food & Beverage
828,Behdad Eghbali,4.4,48,United States,Private equity,Finance & Investments
829,José E. Feliciano,4.4,51,United States,Private equity,Finance & Investments
830,Vivek Jain,4.4,69,India,Chemicals,Manufacturing
831,Steven Klinsky,4.4,68,United States,Investments,Finance & Investments
832,Liu Wei,4.4,38,China,Mobile gaming,Technology
833,Eric Lefkofsky,4.4,55,United States,"Groupon, investments",Technology
834,Hiroshi Mikitani,4.4,60,Japan,Online retail,Fashion & Retail
835,Gail Miller,4.4,81,United States,Car dealerships,Automotive
836,Jorge Moll Filho & family,4.4,80,Brazil,Hospitals,Healthcare
837,Katharine Rayner,4.4,80,United States,"Media, automotive",Media & Entertainment
838,Shen Guojun,4.4,62,China,Retail,Fashion & Retail
839,Peter Spuhler,4.4,65,Switzerland,Train cars,Manufacturing
840,Ivan Tavrin,4.4,48,Russia,Private equity,Finance & Investments
841,Margaretta Taylor,4.4,82,United States,"Media, automotive",Media & Entertainment
842,Carl Thoma,4.4,76,United States,Private equity,Finance & Investments
843,Steven Udvar-Hazy,4.4,79,United States,Aircraft leasing,Service
844,Jon Yarbrough,4.4,67,United States,Gambling machines,Gambling & Casinos
845,Cai Kui,4.3,62,China,Real estate,Real Estate
846,Nicolas D'Ieteren,4.3,49,Belgium,"Auto parts, distribution",Automotive
847,Jim Davis,4.3,65,United States,Staffing & recruiting,Service
848,Carlo Fidani,4.3,70,Canada,Real estate,Real Estate
849,David Filo,4.3,58,United States,Yahoo,Technology
850,Abhay Firodia,4.3,80,India,Automobiles,Automotive
851,Johnelle Hunt,4.3,93,United States,Trucking,Logistics
852,Saban Cemil Kazanci,4.3,64,Turkey,Energy,Energy
853,Marc Ladreit de Lacharriere,4.3,84,France,Finance,Finance & Investments
854,Pablo Legorreta,4.3,61,United States,Investments,Finance & Investments
855,Willy Michel,4.3,78,Switzerland,Medical devices,Healthcare
856,Satyanarayan Nuwal,4.3,72,India,Industrial explosives,Manufacturing
857,Mitchell Rales,4.3,68,United States,"Manufacturing, investments",Manufacturing
858,Dirk Rossmann & family,4.3,78,Germany,Drugstores,Fashion & Retail
859,Ugur Sahin,4.3,59,Germany,Biotechnology,Healthcare
860,Richard Schulze,4.3,84,United States,Best Buy,Fashion & Retail
861,Shaul Shani,4.3,70,Israel,Telecom,Telecom
862,Venu Srinivasan,4.3,72,India,Two-wheelers,Automotive
863,Donald Sterling,4.3,90,United States,Real estate,Real Estate
864,Hao Tang,4.3,53,China,"Marketing software, mobile games",Technology
865,Chairul Tanjung,4.3,62,Indonesia,Diversified,Diversified
866,Tsai Ming-kai,4.3,74,Taiwan,Semiconductors,Technology
867,Madhur Bajaj,4.2,72,India,Diversified,Diversified
868,Niraj Bajaj,4.2,70,India,Diversified,Diversified
869,Shekhar Bajaj,4.2,76,India,Diversified,Diversified
870,Austen Cargill II,4.2,74,United States,Cargill,Food & Beverage
871,James Cargill II,4.2,75,United States,Cargill,Food & Beverage
872,Mahendra Choksi & family,4.2,83,India,Paints,Manufacturing
873,Mong-Koo Chung,4.2,87,South Korea,Hyundai,Automotive
874,Du Jiangtao & family,4.2,55,China,Chemicals,Manufacturing
875,Anthony Hall,4.2,69,Australia,Technology,Technology
876,Sam Hupert,4.2,70,Australia,Technology,Technology
877,Koon Poh Keong,4.2,63,Malaysia,Aluminum,Manufacturing
878,Marianne Liebmann,4.2,71,United States,Cargill,Food & Beverage
879,Luo Yuhao,4.2,35,China,Mobile gaming,Technology
880,Akira Mori & family,4.2,88,Japan,Real estate,Real Estate
881,Matthew Prince,4.2,50,United States,Cybersecurity,Technology
882,Qiu Jianping & family,4.2,63,China,Hand tools,Manufacturing
883,Jayshree Ullal,4.2,64,United States,Computer networking,Technology
884,Wang Jianlin,4.2,70,China,Real estate,Real Estate
885,Yang Shaopeng,4.2,67,China,Shipping,Logistics
886,Anil Agarwal & family,4.1,71,India,"Mining, metals",Metals & Mining
887,Neal Aronson,4.1,60,United States,Private equity,Finance & Investments
888,Sanjit Biswas,4.1,43,United States,Sensor systems,Technology
889,Morris Chang,4.1,93,Taiwan,Semiconductors,Technology
890,Oleg Deripaska,4.1,57,Russia,"Aluminum, utilities",Metals & Mining
891,He Xiaopeng,4.1,47,China,Electric vehicles,Automotive
892,Egor Kulkov,4.1,53,Russia,Pharmaceuticals,Healthcare
893,Mary Alice Dorrance Malone,4.1,75,United States,Campbell Soup,Food & Beverage
894,John Middleton,4.1,70,United States,Tobacco,Food & Beverage
895,Anthony Pritzker,4.1,64,United States,"Hotels, investments",Service
896,J. Joe Ricketts & family,4.1,83,United States,TD Ameritrade,Finance & Investments
897,Roger Samuelsson,4.1,61,Sweden,Drug delivery devices,Healthcare
898,Erik Selin,4.1,57,Sweden,Real estate,Real Estate
899,Thomas Siebel,4.1,72,United States,Business software,Technology
900,Pat Stryker,4.1,68,United States,Medical equipment,Healthcare
901,John Bicket,4,45,United States,Sensor systems,Technology
902,Travis Boersma,4,54,United States,Coffee,Food & Beverage
903,Albert Chao & family,4,75,United States,"Chemicals, building products",Manufacturing
904,James Chao & family,4,77,United States,"Chemicals, building products",Manufacturing
905,Dorothy Chao Jenkins & family,4,79,United States,"Chemicals, building products",Manufacturing
906,Charles Edelstenne & family,4,87,France,Aviation,Manufacturing
907,Yakir Gabay,4,58,Cyprus,Real estate,Real Estate
908,Peter Gassner,4,60,United States,Software,Technology
909,Adi Godrej,4,82,India,Consumer goods,Diversified
910,Nadir Godrej,4,74,India,"Consumer goods, real estate",Diversified
911,Carlos Hank Rhon & family,4,77,Mexico,Banking,Diversified
912,Pansy Ho,4,62,Hong Kong,Casinos,Gambling & Casinos
913,Jason Jiang,4,52,Singapore,Advertising,Media & Entertainment
914,Leng Youbin,4,56,China,Infant formula,Food & Beverage
915,Li Chunan,4,56,China,Solar wafers and modules,Manufacturing
916,Li Min,4,59,China,Semiconductor,Technology
917,Drayton McLane Jr.,4,88,United States,"Walmart, logistics",Fashion & Retail
918,Masahiro Miki,4,69,Japan,Shoes,Fashion & Retail
919,Firoz Mistry,4,28,Ireland,Diversified,Diversified
920,Zahan Mistry,4,26,Ireland,Diversified,Diversified
921,Eren Ozmen,4,66,United States,Aerospace,Manufacturing
922,Prasert Prasarttong-Osoth,4,92,Thailand,"Hospitals, airline",Healthcare
923,Penny Pritzker,4,65,United States,"Hotels, investments",Finance & Investments
924,Emanuele (Lino) Saputo & family,4,88,Canada,Cheese,Food & Beverage
925,Torbjorn Tornqvist,4,71,Sweden,Oil trading,Energy
926,Anna Katharina Viessmann,4,39,Germany,Heating and cooling equipment,Manufacturing
927,Yao Liangsong,4,60,China,Furniture,Manufacturing
928,Hamad bin Jassim bin Jaber Al Thani,3.9,65,Qatar,Investments,Finance & Investments
929,Mike Brown & family,3.9,89,United States,Cincinnati Bengals,Sports
930,William Conway Jr.,3.9,75,United States,Private equity,Finance & Investments
931,Jack Dorsey,3.9,48,United States,"Twitter, Square",Technology
932,Miguel Fluxa Rossello,3.9,86,Spain,Hotels,Service
933,Fu Liquan,3.9,57,China,Surveillance equipment,Technology
934,Jeff T. Green,3.9,48,United States,Digital advertising,Media & Entertainment
935,Joseph Grendys,3.9,63,United States,Poultry processing,Food & Beverage
936,Stewart Horejsi & family,3.9,87,United States,Berkshire Hathaway,Finance & Investments
937,Alan Howard,3.9,61,United Kingdom,Hedge funds,Finance & Investments
938,Huang Jiangji,3.9,,Hong Kong,Smartphones,Technology
939,Nithin Kamath,3.9,45,India,Financial services,Finance & Investments
940,Bom Kim,3.9,46,United States,Online retailing,Technology
941,Daniel Och,3.9,64,United States,Hedge funds,Finance & Investments
942,Maja Oeri,3.9,70,Switzerland,Pharmaceuticals,Healthcare
943,Bob Parsons,3.9,74,United States,Web hosting,Technology
944,Rodger Riney & family,3.9,79,United States,Discount brokerage,Finance & Investments
945,Neil Shen,3.9,57,China,Venture capital,Finance & Investments
946,Sunny Varkey,3.9,67,India,Education,Service
947,Emad Al Muhaidib,3.8,68,Saudi Arabia,Diversified,Diversified
948,Joesley Batista,3.8,53,Brazil,Beef processing,Food & Beverage
949,Wesley Batista,3.8,52,Brazil,Beef packing,Food & Beverage
950,Arun Bharat Ram,3.8,84,India,Chemicals,Manufacturing
951,Nick Caporella,3.8,89,United States,Beverages,Food & Beverage
952,Cen Junda,3.8,60,China,Pharmaceuticals,Healthcare
953,Chan Laiwa & family,3.8,84,China,Real estate,Real Estate
954,Scott Crabill,3.8,55,United States,Private equity,Finance & Investments
955,Senapathy Gopalakrishnan,3.8,69,India,Software services,Technology
956,"Amos Hostetter, Jr.",3.8,88,United States,Cable television,Media & Entertainment
957,"Rupert Johnson, Jr.",3.8,84,United States,Franklin Templeton,Finance & Investments
958,Baba Kalyani,3.8,76,India,Engineering,Automotive
959,Josh Kushner,3.8,39,United States,Venture capital,Finance & Investments
960,Samuel Tak Lee,3.8,85,Hong Kong,Real estate,Real Estate
961,Lu Weiding,3.8,54,China,Diversified,Diversified
962,Fatih Ozmen,3.8,67,United States,Aerospace,Manufacturing
963,John Paulson,3.8,69,United States,Hedge funds,Finance & Investments
964,Leonid Radvinsky,3.8,42,United States,OnlyFans,Technology
965,Stewart Rahr,3.8,79,United States,Drug distribution,Healthcare
966,B. Partha Saradhi Reddy,3.8,71,India,Pharmaceuticals,Healthcare
967,Ira Rennert,3.8,90,United States,Investments,Finance & Investments
968,David Rubenstein,3.8,75,United States,Private equity,Finance & Investments
969,Lawrence Stroll,3.8,65,Canada,Fashion investments,Fashion & Retail
970,Su Hua,3.8,43,China,Video streaming,Media & Entertainment
971,Leena Tewari,3.8,67,India,Pharmaceuticals,Healthcare
972,Julia Thiele-Schuerhoff & family,3.8,53,Germany,"Brakes, investments",Manufacturing
973,Tung Chee Chen,3.8,82,Hong Kong,Shipping,Logistics
974,Ivar Tollefsen,3.8,63,Norway,Real estate,Real Estate
975,Wang Changtian,3.8,59,China,"TV, movie production",Media & Entertainment
976,Paul-Heinz Wesjohann & family,3.8,81,Germany,Chicken processing,Food & Beverage
977,Charles Zegar,3.8,77,United States,Bloomberg LP,Finance & Investments
978,Shiv Kishan Agrawal,3.7,84,India,Snacks,Food & Beverage
979,Harish Ahuja,3.7,69,India,Apparel,Manufacturing
980,Ramon Ang,3.7,71,Philippines,Diversified,Food & Beverage
981,David Baszucki,3.7,62,United States,Online games,Technology
982,Maurizio Billi,3.7,67,Brazil,Generic drugs,Healthcare
983,Seth Boro,3.7,49,United States,Private equity,Finance & Investments
984,Hubert Burda,3.7,85,Germany,Publishing,Media & Entertainment
985,Andrew Cherng,3.7,77,United States,Fast food,Food & Beverage
986,Peggy Cherng,3.7,77,United States,Fast food,Food & Beverage
987,John Gandel,3.7,90,Australia,Shopping malls,Real Estate
988,Sanjiv Goenka,3.7,64,India,Diversified,Diversified
989,Maggie Gu,3.7,,China,Shein,Fashion & Retail
990,Christian Haub,3.7,60,Germany,Retail,Fashion & Retail
991,Antti Herlin,3.7,68,Finland,"Elevators, escalators",Manufacturing
992,Hu Baifan,3.7,62,China,Pharmaceuticals,Healthcare
993,Kwek Leng Beng,3.7,84,Singapore,Diversified,Diversified
994,Ben Lamm,3.7,43,United States,Biotech,Technology
995,Lee Thiam Wah,3.7,61,Malaysia,Retailing,Food & Beverage
996,Molly Miao,3.7,,China,Shein,Fashion & Retail
997,David Murdock,3.7,101,United States,"Dole, real estate",Food & Beverage
998,J.B. Pritzker,3.7,60,United States,"Hotels, investments",Finance & Investments
999,George Prokopiou & family,3.7,78,Greece,Shipping,Logistics
1000,George Prokopiou & family,3.7,78,Greece,Shipping,Logistics
1001,Ren Xiaoqing,3.7,,China,Shein,Fashion & Retail
1002,Remo Ruffini,3.7,63,Italy,Winter jackets,Fashion & Retail
1003,Holden Spaht,3.7,50,United States,Private equity,Finance & Investments
1004,Byron Trott,3.7,66,United States,Investments,Finance & Investments
1005,Thomas Tull,3.7,54,United States,"Movies, investments",Media & Entertainment
1006,Bulat Utemuratov,3.7,67,Kazakhstan,"Mining, banking, hotels",Metals & Mining
1007,Todd Wanek,3.7,61,United States,Furniture,Manufacturing
1008,Wang Wenjing,3.7,60,China,Business software,Technology
1009,Meg Whitman,3.7,68,United States,EBay,Technology
1010,Steve Wynn,3.7,83,United States,"Casinos, hotels",Gambling & Casinos
1011,Xiang Guangda,3.7,67,China,Metals,Metals & Mining
1012,Xue Min,3.7,68,China,Healthcare,Healthcare
1013,Zhou Jianping,3.7,64,China,Fashion retail,Fashion & Retail
1014,Maggie Hardy,3.6,59,United States,Building materials,Service
1015,Hortensia Herrero,3.6,74,Spain,Supermarkets,Fashion & Retail
1016,J. Tomilson Hill,3.6,76,United States,Investments,Finance & Investments
1017,Travis Kalanick,3.6,48,United States,Uber,Technology
1018,Kim Beom-su,3.6,59,South Korea,Online services,Technology
1019,Martin Lau,3.6,52,Hong Kong,Internet,Technology
1020,Kevin David Lehmann,3.6,22,Germany,Drugstores,Fashion & Retail
1021,Lim Hariyanto Wijaya Sarwono,3.6,96,Indonesia,"Palm oil, nickel mining",Metals & Mining
1022,Lin Chen-hai,3.6,78,Taiwan,Real estate,Real Estate
1023,Lin Shu-hong,3.6,96,Taiwan,Petrochemicals,Manufacturing
1024,Lorinc Meszaros,3.6,59,Hungary,Diversified,Diversified
1025,Masahiro Noda,3.6,86,Japan,Software,Technology
1026,Richard Peery,3.6,86,United States,Real estate,Real Estate
1027,Renzo Rosso & family,3.6,69,Italy,Fashion,Fashion & Retail
1028,Walter Wang,3.6,60,United States,Manufacturing,Manufacturing
1029,Essam Al Muhaidib,3.6,66,Saudi Arabia,Diversified,Diversified
1030,Sulaiman Al Muhaidib,3.6,70,Saudi Arabia,Diversified,Diversified
1031,Sid Bass,3.6,82,United States,"Oil, investments",Energy
1032,Giuliana Benetton,3.6,87,Italy,"Fashion retail, investments",Fashion & Retail
1033,Luciano Benetton,3.6,89,Italy,"Fashion retail, investments",Fashion & Retail
1034,David Blitzer,3.6,55,United States,Sports,Sports
1035,Todd Christopher,3.6,62,United States,Hair care products,Fashion & Retail
1036,Leon G. Cooperman,3.6,81,United States,Hedge funds,Finance & Investments
1037,Ray Davis,3.6,83,United States,Pipelines,Energy
1038,"Edward DeBartolo, Jr.",3.6,78,United States,Shopping centers,Real Estate
1039,Maria Del Pino,3.6,69,Spain,Construction,Construction & Engineering
1040,Walter P.J. Droege,3.6,72,Germany,Investing,Finance & Investments
1041,Martin Ebner,3.6,79,Switzerland,Investments,Finance & Investments
1042,Fang Wei,3.6,51,China,Steel,Manufacturing
1043,Walter Frey,3.6,81,Switzerland,Car dealerships,Automotive
1044,Bill Alfond,3.5,76,United States,Shoes,Fashion & Retail
1045,Susan Alfond,3.5,79,United States,Shoes,Fashion & Retail
1046,Ted Alfond,3.5,80,United States,Shoes,Fashion & Retail
1047,Andrej Babis,3.5,70,Czech Republic,Agriculture,Food & Beverage
1048,Norman Braman,3.5,92,United States,"Art, car dealerships",Automotive
1049,Jeffrey Cheah,3.5,80,Malaysia,"Property, healthcare",Real Estate
1050,Euisun Chung,3.5,54,South Korea,Hyundai,Automotive
1051,Jean Coutu & family,3.5,97,Canada,Drugstores,Fashion & Retail
1052,Marcel Erni,3.5,60,Switzerland,Private equity,Finance & Investments
1053,Alfred Gantner,3.5,57,Switzerland,Private equity,Finance & Investments
1054,Harsh Goenka,3.5,67,India,Diversified,Diversified
1055,Somurai Jaruphnit,3.5,71,Thailand,Diversified,Diversified
1056,Jian Yao,3.5,,China,Medical devices,Healthcare
1057,Robert Johnson & family,3.5,77,United States,"Johnson & Johnson, New York Jets",Sports
1058,Michael Jordan,3.5,62,United States,"Charlotte Hornets, endorsements",Sports
1059,Lin Jianhua,3.5,62,China,Solar panel components,Manufacturing
1060,Anand Mahindra,3.5,69,India,Diversified,Diversified
1061,Nirmal Minda,3.5,67,India,Auto parts,Automotive
1062,Rajan Raheja & family,3.5,70,India,Diversified,Diversified
1063,Howard Schultz,3.5,71,United States,Starbucks,Food & Beverage
1064,Martua Sitorus,3.5,65,Indonesia,Palm oil,Manufacturing
1065,Djoko Susanto,3.5,75,Indonesia,Supermarkets,Fashion & Retail
1066,Jeff Tangney,3.5,52,United States,Healthcare IT,Healthcare
1067,Alexandre Van Damme,3.5,62,Belgium,ABInBev,Food & Beverage
1068,Urs Wietlisbach,3.5,63,Switzerland,Private equity,Finance & Investments
1069,Hans Peter Wild,3.5,83,Switzerland,Flavorings,Food & Beverage
1070,Zhang Jian,3.5,56,China,"Electric bikes, scooters",Manufacturing
1071,Brian Acton,3.4,53,United States,WhatsApp,Technology
1072,Acharya Balkrishna,3.4,52,India,Consumer goods,Food & Beverage
1073,Koos Bekker,3.4,72,South Africa,"Media, investments",Media & Entertainment
1074,Andrew Bialecki,3.4,39,United States,Marketing software,Technology
1075,John Caudwell,3.4,72,United Kingdom,Mobile phones,Telecom
1076,Bennett Dorrance,3.4,79,United States,Campbell Soup,Food & Beverage
1077,Charles Ergen,3.4,72,United States,Satellite TV,Media & Entertainment
1078,Eduardo Eurnekian,3.4,92,Argentina,"Airports, investments",Diversified
1079,Reinold Geiger,3.4,77,Austria,Beauty products,Fashion & Retail
1080,Peter Hargreaves,3.4,78,United Kingdom,Financial services,Finance & Investments
1081,Huang Li,3.4,61,China,Imaging systems,Technology
1082,Zarakh Iliev,3.4,58,Russia,Real estate,Real Estate
1083,Angelo Koo,3.4,59,Taiwan,Finance,Finance & Investments
1084,Andrei Kozitsyn,3.4,64,Russia,Metals,Metals & Mining
1085,Kuok Khoon Hong,3.4,75,Singapore,Palm oil,Manufacturing
1086,Michael Latifi,3.4,62,Canada,Meat processing,Food & Beverage
1087,Li Zhenguo & family,3.4,57,China,Solar wafers and modules,Manufacturing
1088,Mohamed Mansour,3.4,77,Egypt,Diversified,Diversified
1089,Harsh Mariwala,3.4,73,India,Consumer goods,Food & Beverage
1090,Ronald McAulay,3.4,89,Hong Kong,Energy,Energy
1091,P.N.C. Menon,3.4,76,Oman,Real estate,Real Estate
1092,C. Dean Metropoulos,3.4,78,United States,Investments,Food & Beverage
1093,Miao Hangen,3.4,59,China,"Textiles, petrochemicals",Diversified
1094,Jonathan Nelson,3.4,68,United States,Private equity,Finance & Investments
1095,God Nisanov,3.4,52,Russia,Real estate,Real Estate
1096,Kentaro Ogawa,3.4,76,Japan,Restaurants,Food & Beverage
1097,Xiao Yongming & family,3.4,60,China,Fertilizer,Diversified
1098,Yuji Otsuka,3.4,71,Japan,"Copy machines, software",Technology
1099,Clive Palmer,3.4,71,Australia,Mining,Metals & Mining
1100,Sergei Galitsky,3.2,57,Russia,Retail,Fashion & Retail
1101,Peter Grogg,3.2,83,Switzerland,Biochemicals,Healthcare
1102,Thomas James,3.2,82,United States,Finance,Finance & Investments
1103,Samvel Karapetyan,3.2,59,Russia,Real estate,Construction & Engineering
1104,Ipek Kirac,3.2,40,Turkey,Diversified,Diversified
1105,Lam Wai-ying,3.2,,Hong Kong,Smartphone screens,Manufacturing
1106,Patrick Lee,3.2,83,Hong Kong,Paper,Manufacturing
1107,Daniel Loeb,3.2,63,United States,Hedge funds,Finance & Investments
1108,Howard Lutnick,3.2,63,United States,Finance,Finance & Investments
1109,Nandan Nilekani,3.2,69,India,Software services,Technology
1110,Michael Novogratz,3.2,60,United States,"Investments, cryptocurrency",Finance & Investments
1111,Madhukar Parekh,3.2,78,India,Adhesives,Manufacturing
1112,Jay Paul,3.2,77,United States,Real estate,Real Estate
1113,Victor Pinchuk,3.2,64,Ukraine,"Steel pipes, diversified",Metals & Mining
1114,Surender Saluja,3.2,78,India,Solar energy,Energy
1115,Hilton Schlosberg & family,3.2,72,United Kingdom,Energy drinks,Food & Beverage
1116,Mikhail Shelkov,3.2,56,Russia,Titanium,Metals & Mining
1117,Selina Stihl,3.2,47,Germany,Chainsaws,Manufacturing
1118,Kevin Systrom,3.2,41,United States,Instagram,Technology
1119,Cameron Winklevoss,3.2,43,United States,Cryptocurrency,Finance & Investments
1120,Tyler Winklevoss,3.2,43,United States,Cryptocurrency,Finance & Investments
1121,Manohar Lal Agarwal,3.1,70,India,Snacks,Food & Beverage
1122,Semahat Sevim Arsel,3.1,96,Turkey,Diversified,Diversified
1123,Aneel Bhusri,3.1,59,United States,Business software,Technology
1124,Markus Blocher,3.1,54,Switzerland,Chemicals,Manufacturing
1125,"Howard Butt, III. & family",3.1,72,United States,Supermarkets,Fashion & Retail
1126,Stephen Butt & family,3.1,69,United States,Supermarkets,Fashion & Retail
1127,Chan Tan Ching-fen,3.1,,Hong Kong,Real estate,Real Estate
1128,Giuseppe Crippa & family,3.1,89,Italy,Microchip testing,Manufacturing
1129,Catheline Perier D'Ieteren,3.1,80,Belgium,"Auto parts, distribution",Automotive
1130,Sol Daurella,3.1,59,Spain,Coca-Cola bottler,Food & Beverage
1131,"Frank Fertitta, III.",3.1,63,United States,"Casinos, mixed martial arts",Sports
1132,Lorenzo Fertitta,3.1,56,United States,"Casinos, mixed martial arts",Sports
1133,Marc Fielmann,3.1,35,Germany,Optometry,Manufacturing
1134,John Fisher,3.1,63,United States,Gap,Fashion & Retail
1135,Segolene Gallienne,3.1,47,Belgium,"Steel, investments",Manufacturing
1136,Jack Gance,3.1,79,Australia,Pharmacies,Healthcare
1137,Otto Happel,3.1,77,Germany,Engineering,Construction & Engineering
1138,Erman Ilicak,3.1,57,Turkey,Construction,Construction & Engineering
1139,Willis Johnson,3.1,77,United States,Damaged cars,Automotive
1140,Ramesh Juneja,3.1,69,India,Pharmaceuticals,Healthcare
1141,T.S. Kalyanaraman,3.1,77,India,Jewelry,Fashion & Retail
1142,Maritsa Lazari & family,3.1,80,United Kingdom,Real estate,Real Estate
1143,Lee Yeow Chor,3.1,58,Malaysia,"Palm oil, property",Real Estate
1144,Theodore Leonsis,3.1,69,United States,Sports teams,Sports
1145,Vladimir Litvinenko & family,3.1,69,Russia,Chemical industry,Manufacturing
1146,Liu Jincheng & family,3.1,60,China,Lithium batteries,Manufacturing
1147,Kiran Mazumdar-Shaw,3.1,72,India,Biopharmaceuticals,Healthcare
1148,Qian Dongqi,3.1,67,China,Home-cleaning robots,Manufacturing
1149,Najib Mikati,3.1,69,Lebanon,Telecom,Telecom
1150,Akio Nitori,3.1,81,Japan,Home furnishings,Fashion & Retail
1151,Dan Olsson,3.1,78,Sweden,Diversified,Diversified
1152,Katharina Otto-Bernstein,3.1,61,Germany,Real estate,Real Estate
1153,Ajay Piramal,3.1,69,India,Pharmaceuticals,Healthcare
1154,Qian Dongqi,3.1,67,China,Home-cleaning robots,Manufacturing
1155,Qiu Guanghe & family,3.1,73,China,Fashion retail,Fashion & Retail
1156,Phillip T. (Terry) Ragon,3.1,75,United States,Health IT,Technology
1157,Haim Saban,3.1,80,United States,"TV network, investments",Media & Entertainment
1158,Scott Shleifer,3.1,47,United States,Private equity,Finance & Investments
1159,Alan Trefler,3.1,69,United States,Software,Technology
1160,Glen Taylor,3.1,83,United States,Printing,Service
1161,Schütz Udo,3.1,88,Germany,Packaging,Manufacturing
1162,Sunil Vachani,3.1,56,India,Electronics,Manufacturing
1163,Wu Guangming,3.1,63,China,Medical equipment,Healthcare
1164,Yang Huiyan & family,3.1,43,China,Real estate,Real Estate
1165,Jerry Yang,3.1,56,United States,Yahoo,Technology
1166,Yu Zhuyun,3.1,51,China,Diversified,Construction & Engineering
1167,Michael Intrator,3.1,56,United States,Technology,Technology
1168,Mário Araripe,3,70,Brazil,Energy,Energy
1169,Bill Austin,3,83,United States,Hearing aids,Manufacturing
1170,Harindarpal Banga,3,74,India,Commodities,Finance & Investments
1171,Eva Maria Bucher-Haefner,3,68,Switzerland,"Software, investments",Technology
1172,Richard Chandler,3,66,New Zealand,Investments,Finance & Investments
1173,Chen Fashu,3,64,China,Investments,Finance & Investments
1174,Cheng Xue,3,55,China,Soy sauce,Food & Beverage
1175,John Paul DeJoria,3,80,United States,"Hair products, tequila",Fashion & Retail
1176,Gustavo Denegri & family,3,88,Italy,Biotech,Healthcare
1177,Gurbachan Singh Dhingra,3,74,India,Paints,Manufacturing
1178,Kuldip Singh Dhingra,3,77,India,Paints,Manufacturing
1179,Ji Qi,3,58,Singapore,"Hotels, motels",Real Estate
1180,Jian Jun,3,61,China,Biomedical products,Healthcare
1181,Rajeev Juneja,3,59,India,Pharmaceuticals,Healthcare
1182,Yuri Kovalchuk & family,3,73,Russia,"Banking, insurance, media",Finance & Investments
1183,Stephen Lansdown,3,72,Guernsey,Financial services,Finance & Investments
1184,Lee Seo-hyun,3,51,South Korea,Samsung,Technology
1185,Kevin Marchetti,3,47,United States,Diversified,Diversified
1186,Joao Roberto Marinho,3,71,Brazil,Media,Media & Entertainment
1187,Jose Roberto Marinho,3,69,Brazil,Media,Media & Entertainment
1188,Roberto Irineu Marinho,3,77,Brazil,Media,Media & Entertainment
1189,Vincent McMahon,3,79,United States,Entertainment,Sports
1190,Aristotelis Mistakidis,3,63,Greece,"Mining, commodities",Metals & Mining
1191,Patrice Motsepe,3,63,South Africa,Mining,Metals & Mining
1192,Mu Rongjun,3,45,China,E-commerce,Technology
1193,Erwin Franz Mueller,3,92,Germany,Drugstores,Fashion & Retail
1194,Denis O'Brien,3,66,Ireland,Telecom,Telecom
1195,Maren Otto,3,83,Germany,"Retail, real estate",Diversified
1196,Sean Parker,3,45,United States,Facebook,Technology
1197,Fabien Pinckaers,3,46,Belgium,Software,Technology
1198,Sergei Popov,3,53,Russia,Banking,Finance & Investments
1199,G. M. Rao,3,74,India,Infrastructure,Logistics
1200,Issad Rebrab & family,3,81,Algeria,Food,Food & Beverage
1201,Robert Sands,3,66,United States,Liquor,Food & Beverage
1202,Kavitark Ram Shriram,3,68,United States,"Google, venture capital",Technology
1203,Alberto Siccardi & family,3,80,Switzerland,Medical devices,Healthcare
1204,Michael S. Smith,3,69,United States,Liquefied natural gas,Energy
1205,Friede Springer,3,82,Germany,Publishing,Media & Entertainment
1206,Jeffrey Talpins,3,50,United States,Hedge fund,Finance & Investments
1207,Lucio Tan,3,90,Philippines,Diversified,Diversified
1208,Oprah Winfrey,3,71,United States,TV shows,Media & Entertainment
1209,Yang Weidong & family,3,56,China,Chemicals,Manufacturing
1210,Zhang Lei,3,52,Singapore,Investments,Finance & Investments
1211,Zhou Hongyi,3,54,China,Security software,Technology
1212,Adam Forste,3,47,United States,Diversified,Diversified
1213,Jack Cockwell,3,84,Canada,"Real estate, private equity",Finance & Investments
1214,Cameron Adams,2.9,45,Australia,Software,Technology
1215,Anu Aga,2.9,82,India,Engineering,Construction & Engineering
1216,Igor Altushkin,2.9,54,Russia,Metals,Metals & Mining
1217,John Arnold,2.9,51,United States,Hedge funds,Finance & Investments
1218,Clifford Asness,2.9,58,United States,Money management,Finance & Investments
1219,Anne Beaufour,2.9,61,France,Pharmaceuticals,Healthcare
1220,Henri Beaufour,2.9,59,France,Pharmaceuticals,Healthcare
1221,Frank Blase,2.9,65,Germany,Plastics,Manufacturing
1222,Robert Clark,2.9,66,United States,Construction,Construction & Engineering
1223,Stephen Cohen,2.9,42,United States,Software,Technology
1224,Weili Dai,2.9,63,United States,Semiconductors,Technology
1225,Antonio Del Valle Ruiz & family,2.9,86,Mexico,Chemicals,Manufacturing
1226,Glenn Dubin,2.9,67,United States,Hedge funds,Finance & Investments
1227,Wesley Edens,2.9,63,United States,Investments,Finance & Investments
1228,Sam Gance,2.9,75,Australia,Pharmacies,Healthcare
1229,Serge Godin,2.9,75,Canada,Information technology,Technology
1230,Sergei Gordeev,2.9,52,Russia,Real estate,Real Estate
1231,Caroline Hagen Kjos,2.9,41,Norway,Conglomerate,Diversified
1232,Kagemasa Kozuki,2.9,84,Japan,Video games,Media & Entertainment
1233,Jed McCaleb,2.9,50,United States,Cryptocurrency,Finance & Investments
1234,Vadim Moshkovich,2.9,57,Russia,"Agriculture, land",Food & Beverage
1235,Falguni Nayar,2.9,62,India,Retailing,Fashion & Retail
1236,Kailashchandra Nuwal,2.9,67,India,Industrial explosives,Manufacturing
1237,Doug Ostrover,2.9,62,United States,Private equity,Finance & Investments
1238,Daniel Pritzker,2.9,65,United States,"Hotels, investments",Finance & Investments
1239,Dmitry Pumpyansky,2.9,61,Russia,Steel pipes,Metals & Mining
1240,G. Rajendran,2.9,82,India,Jewellery,Fashion & Retail
1241,Prathap Reddy,2.9,93,India,Healthcare,Healthcare
1242,Theo Roussis,2.9,71,Belgium,Plastic,Manufacturing
1243,Karthik Sarma,2.9,50,India,Hedge fund,Finance & Investments
1244,Arnout Schuijff,2.9,57,Netherlands,Payments software,Technology
1245,Evan Spiegel,2.9,34,United States,Snapchat,Technology
1246,Tung Chee Hwa,2.9,87,Hong Kong,Shipping,Logistics
1247,John Tyson & family,2.9,71,United States,Food processing,Food & Beverage
1248,Jurgen Wirtgen,2.9,59,Germany,Construction vehicles,Construction & Engineering
1249,Stefan Wirtgen,2.9,54,Germany,Construction vehicles,Construction & Engineering
1250,Xie Weitong,2.9,68,Taiwan,Cobalt,Metals & Mining
1251,Zhao Yan,2.9,58,China,Biotech,Diversified
1252,Zhou Bajin,2.9,89,China,Auto parts,Manufacturing
1253,Zhu Xingming,2.9,58,China,Electrical equipment,Manufacturing
1254,Sylvan Adams,2.8,66,Israel,Real estate,Real Estate
1255,Felix Baker,2.8,56,United States,Biotech investing,Finance & Investments
1256,Julian Baker,2.8,58,United States,Biotech investing,Finance & Investments
1257,Wilhelm Beier & family,2.8,68,Germany,Pharmaceuticals,Healthcare
1258,Baiju Bhatt,2.8,40,United States,Stock trading app,Finance & Investments
1259,Martin Bouygues,2.8,72,France,"Construction, media",Construction & Engineering
1260,Richard Branson,2.8,74,United Kingdom,Virgin,Diversified
1261,Cao Longxiang & family,2.8,67,China,Pharmaceuticals,Healthcare
1262,Herb Chambers,2.8,83,United States,Car dealerships,Automotive
1263,Fernando Chico Pardo,2.8,73,Mexico,Airport management,Service
1264,Parker Conrad,2.8,44,United States,Software,Technology
1265,Ed Craven,2.8,29,Australia,Online casino,Gambling & Casinos
1266,Helena Dassault,2.8,35,France,Inherited,Diversified
1267,Remi Dassault,2.8,23,France,Inherited,Diversified
1268,Fernando De Leon,2.8,46,United States,Real estate,Real Estate
1269,Stephen Deckoff,2.8,59,United States,Private equity,Finance & Investments
1270,Anand Deshpande,2.8,62,India,Technology,Technology
1271,N. Murray Edwards,2.8,65,Canada,Oil & gas,Energy
1272,Sophie Luise Fielmann,2.8,30,Germany,Optometry,Manufacturing
1273,"William Foley, II.",2.8,80,United States,Financial services,Finance & Investments
1274,Lindsay Fox,2.8,87,Australia,"Logistics, real estate",Logistics
1275,Robert Friedland,2.8,74,United States,Mining,Metals & Mining
1276,Balkrishan Goenka,2.8,58,India,Textiles,Manufacturing
1277,Yusuf Hamied,2.8,88,India,Pharmaceuticals,Healthcare
1278,Brett Hildebrand,2.8,63,United States,"Banking, credit cards",Finance & Investments
1279,Jiang Weiping & family,2.8,70,China,Chemicals,Manufacturing
1280,Jin Baofang,2.8,72,China,Solar panels,Energy
1281,Kei Hoi Pang,2.8,59,China,Real estate,Real Estate
1282,Mustafa Rahmi Koc,2.8,94,Turkey,Diversified,Diversified
1283,Christian Latouche & family,2.8,84,France,Accounting services,Finance & Investments
1284,Wolfgang Leitner,2.8,72,Austria,Engineering,Construction & Engineering
1285,Li Hongxin & family,2.8,72,China,Paper & related products,Manufacturing
1286,Marc Lore,2.8,53,United States,Jet.com,Technology
1287,Daniel Mate,2.8,61,Spain,"Mining, commodities",Metals & Mining
1288,Farhad Moshiri,2.8,69,United Kingdom,Diversified,Diversified
1289,Nguyen Thi Phuong Thao,2.8,54,Vietnam,Airlines,Diversified
1290,Shigenobu Nagamori,2.8,80,Japan,Motors,Manufacturing
1291,Benjamin Otto,2.8,49,Germany,Retail,Fashion & Retail
1292,Philip Niarchos,2.8,71,Greece,Art collection,Diversified
1293,Ranjan Pai,2.8,52,India,"Education, healthcare",Healthcare
1294,Augusto Perfetti,2.8,78,Italy,Candy,Food & Beverage
1295,Olivier Pomel,2.8,48,France,Cloud computing,Technology
1296,Alberto Prada,2.8,71,Italy,Luxury goods,Fashion & Retail
1297,Marina Prada,2.8,79,Italy,Luxury goods,Fashion & Retail
1298,Qiu Wensheng,2.8,52,China,Manufacturing,Manufacturing
1299,P.V. Ramprasad Reddy,2.8,67,India,Pharmaceuticals,Healthcare
1300,Ferit Faik Sahenk,2.8,61,Turkey,Diversified,Diversified
1301,Anatoly Sedykh,2.8,60,Russia,Steel pipes,Metals & Mining
1302,Shi Yuzhu,2.8,62,China,"Online games, investments",Diversified
1303,Frank Slootman,2.8,66,United States,Software,Technology
1304,Barry Sternlicht,2.8,64,United States,Private equity,Finance & Investments
1305,Larry Tanenbaum,2.8,79,Canada,Sports,Sports
1306,Bijan Tehrani,2.8,31,United States,Online casino,Gambling & Casinos
1307,Ted Turner,2.8,86,United States,Cable television,Media & Entertainment
1308,Wu Guanjiang & family,2.8,56,China,Pharmaceuticals,Healthcare
1309,Ye Qiongjiu,2.8,70,China,Software,Technology
1310,Mortimer Zuckerman,2.8,87,United States,"Real estate, media",Real Estate
1311,Miriam Baumann-Blocher,2.7,50,Switzerland,Chemicals,Manufacturing
1312,Olivier Bouygues,2.7,74,France,"Construction, media",Construction & Engineering
1313,Chang Kuo-Hua,2.7,70,Taiwan,"Shipping, airlines",Logistics
1314,Chao Teng-hsiung,2.7,80,Taiwan,Real estate,Real Estate
1315,Chen Kaixuan,2.7,66,China,Household chemicals,Manufacturing
1316,Bruce Cheng,2.7,88,Taiwan,Electronics,Technology
1317,Deng Wen,2.7,57,China,Condiments,Food & Beverage
1318,Georgi Domuschiev,2.7,52,Bulgaria,"Animal health, investments",Diversified
1319,Kiril Domuschiev,2.7,55,Bulgaria,"Animal health, investments",Diversified
1320,Fred Ehrsam,2.7,36,United States,Cryptocurrency exchange,Finance & Investments
1321,Gerald Ford,2.7,80,United States,Banking,Finance & Investments
1322,Gerald Frere,2.7,73,Belgium,"Steel, investments",Manufacturing
1323,Luca Garavoglia,2.7,56,Italy,Spirits,Food & Beverage
1324,Ali Ghodsi,2.7,46,Sweden,Data analytics,Technology
1325,Sebastian Glaser,2.7,46,Germany,Sensor technology,Technology
1326,Mitchell Goldhar,2.7,63,Canada,Real estate,Real Estate
1327,Joel Greenberg,2.7,67,United States,"Trading, investments",Finance & Investments
1328,Ugo Gussalli Beretta & family,2.7,87,Italy,Firearms,Manufacturing
1329,Gudrun Heine,2.7,70,Germany,Medical devices,Healthcare
1330,Michael Hintze,2.7,71,Australia,Investment,Finance & Investments
1331,Huang Shan,2.7,54,China,Software,Technology
1332,Bidzina Ivanishvili & family,2.7,69,Georgia,Investments,Finance & Investments
1333,Kwek Leng Kee,2.7,70,Singapore,Diversified,Diversified
1334,Spiro Latsis & family,2.7,78,Greece,"Banking, shipping",Diversified
1335,Richard LeFrak & family,2.7,79,United States,Real estate,Real Estate
1336,Lin Ming-hsiung,2.7,75,Taiwan,Supermarkets,Fashion & Retail
1337,Kalanithi Maran,2.7,59,India,Media,Media & Entertainment
1338,Eugene Murtagh,2.7,82,Ireland,Building materials,Manufacturing
1339,Natacha Nikolajevic,2.7,58,France,Inherited,Diversified
1340,John Pritzker,2.7,71,United States,"Hotels, investments",Finance & Investments
1341,Qi Jinxing,2.7,63,China,Real estate,Real Estate
1342,Wayne Rothbaum,2.7,57,United States,Biotech investing,Healthcare
1343,Richard Sands,2.7,74,United States,Liquor,Food & Beverage
1344,"Bernard Saul, II. & family",2.7,92,United States,"Banking, real estate",Finance & Investments
1345,Salil Singhal,2.7,77,India,Agrochemicals,Manufacturing
1346,Sybill Storz,2.7,87,Germany,Medical devices,Healthcare
1347,Jeff Sutton,2.7,65,United States,Real estate,Real Estate
1348,August Troendle,2.7,69,United States,Pharmaceutical services,Healthcare
1349,Peter Unger,2.7,80,Germany,Auto repair,Automotive
1350,Martin Viessmann,2.7,71,Germany,Heating and cooling equipment,Manufacturing
1351,Jitendra Virwani,2.7,59,India,Real estate,Real Estate
1352,Arne Alexander Wilhelmsen,2.7,60,Norway,Cruise ships,Diversified
1353,Bent Wilhelmsen,2.7,65,Norway,Cruise ships,Diversified
1354,Peter Preben Wilhelmsen,2.7,63,Norway,Cruise ships,Diversified
1355,Wu Xiangdong,2.7,56,China,Liquor,Food & Beverage
1356,Zheng Jianjiang & family,2.7,64,China,Electrical equipment,Manufacturing
1357,Abel Avellan,2.6,54,United States,Telecoms,Telecom
1358,Barbara Banke & family,2.6,71,United States,Wine,Food & Beverage
1359,Pavel Baudis,2.6,64,Czech Republic,Software,Technology
1360,Kathy Britton,2.6,55,United States,Homebuilding,Real Estate
1361,Roy Carroll II,2.6,62,United States,Real estate,Real Estate
1362,Safra Catz,2.6,63,United States,Software,Technology
1363,John Coates,2.6,55,United Kingdom,Online gambling,Gambling & Casinos
1364,Kommer Damen,2.6,81,Netherlands,Shipbuilding,Manufacturing
1365,Beda Diethelm,2.6,84,Switzerland,Hearing aids,Healthcare
1366,K. Dinesh,2.6,70,India,Software services,Technology
1367,Sergey Dmitriev,2.6,59,Cyprus,Software,Technology
1368,Dong Jinggui,2.6,55,China,Electric scooters,Automotive
1369,Tim Draper,2.6,66,United States,Cryptocurrency,Finance & Investments
1370,John Elkann,2.6,49,Italy,"FIAT, investments",Finance & Investments
1371,Feng Hailiang,2.6,64,China,"Copper, education",Metals & Mining
1372,Alexander Frolov,2.6,60,Russia,"Mining, steel",Metals & Mining
1373,Guo Guangchang,2.6,58,China,Diversified,Diversified
1374,Bertil Hult,2.6,84,Sweden,Education,Service
1375,Bent Jensen & family,2.6,73,Denmark,Electric systems,Manufacturing
1376,Kwon Hyuk-bin,2.6,51,South Korea,Online games,Media & Entertainment
1377,Henry Laufer,2.6,79,United States,Hedge funds,Finance & Investments
1378,Alexis Lê-Quôc,2.6,50,United States,Cloud computing,Technology
1379,Edwin Leong,2.6,73,Hong Kong,Real estate,Real Estate
1380,Li Jianquan & family,2.6,68,Hong Kong,Consumer products,Healthcare
1381,Rafique Malik,2.6,74,India,Footwear,Fashion & Retail
1382,Gilles Martin,2.6,61,France,Laboratory services,Healthcare
1383,Scott Nuttall,2.6,52,United States,Private equity,Finance & Investments
1384,Rishad Naoroji,2.6,73,India,"Consumer goods, real estate",Diversified
1385,Timm Oberwelland,2.6,55,Germany,Candy,Food & Beverage
1386,Alberto Palatchi,2.6,75,Spain,Wedding dresses,Fashion & Retail
1387,Park Soon-jae,2.6,70,South Korea,Biopharmaceuticals,Healthcare
1388,M. Satyanarayana Reddy,2.6,67,India,Pharmaceuticals,Healthcare
1389,Mochtar Riady & family,2.6,95,Indonesia,Diversified,Diversified
1390,Atul Ruia,2.6,54,India,Real estate,Real Estate
1391,Filiz Sahenk,2.6,58,Turkey,Diversified,Diversified
1392,Sathien Sathientham,2.6,70,Thailand,Energy drinks,Food & Beverage
1393,Maria-Elisabeth Schaeffler-Thumann,2.6,83,Germany,Auto parts,Automotive
1394,Leonard Schleifer,2.6,72,United States,Pharmaceuticals,Healthcare
1395,Shi Yonghong & family,2.6,56,China,Restaurants,Food & Beverage
1396,Ryan Smith,2.6,46,United States,Cloud computing,Technology
1397,Zygmunt Solorz,2.6,68,Poland,TV broadcasting,Media & Entertainment
1398,Daniel Sundheim,2.6,48,United States,Hedge funds,Finance & Investments
1399,Lottie Tham & family,2.6,75,Sweden,H&M,Fashion & Retail
1400,Jim Thompson & family,2.6,85,Ireland,Logistics,Logistics
1401,Rufino Vigil Gonzalez,2.6,76,Mexico,Steel,Metals & Mining
1402,Georg von Opel,2.6,58,Switzerland,"Real estate, investments",Finance & Investments
1403,Wang Weixiu & family,2.6,74,China,Machinery,Manufacturing
1404,David Wertheim,2.6,67,Israel,Coca-Cola Israel,Food & Beverage
1405,Xue Hua,2.6,55,China,Agribusiness,Manufacturing
1406,Ye Guofu,2.6,47,China,Retail,Fashion & Retail
1407,William Young,2.6,84,United States,Plastics,Manufacturing
1408,Zhang Bangxin,2.6,45,China,Education,Service
1409,Zhang Fan,2.6,59,China,Touch screens,Technology
1410,Zhang Wanzhen,2.6,75,China,Electronics components,Manufacturing
1411,Abdullah Al Othaim,2.5,68,Saudi Arabia,"Grocery stores, malls",Fashion & Retail
1412,Abdullah bin Sulaiman Al Rajhi,2.5,67,Saudi Arabia,Banking,Finance & Investments
1413,Anna Angelicoussis & family,2.5,69,Greece,Shipping,Logistics
1414,Edward Bass,2.5,79,United States,"Oil, investments",Energy
1415,Hussain Binghatti Aljbori,2.5,68,United Arab Emirates,Real estate,Real Estate
1416,David Booth,2.5,79,United States,Mutual funds,Finance & Investments
1417,Charles Bronfman,2.5,93,Canada,Liquor,Food & Beverage
1418,Vivek Chand Burman,2.5,87,India,Consumer goods,Food & Beverage
1419,Tim Cook,2.5,64,United States,Apple,Technology
1420,Mark Davis,2.5,69,United States,Las Vegas Raiders,Sports
1421,Ralph Dommermuth,2.5,61,Germany,Internet service provider,Technology
1422,Joseph Edelman,2.5,69,United States,Hedge funds,Finance & Investments
1423,Paul Gauselmann & family,2.5,90,Germany,Gambling,Gambling & Casinos
1424,Kenneth Feld & family,2.5,76,United States,Live entertainment,Media & Entertainment
1425,Bernard Fraisse & family,2.5,68,France,Pharmaceuticals,Healthcare
1426,Feridun Gecgel,2.5,54,Turkey,Utility equipment,Diversified
1427,Sam Goi,2.5,78,Singapore,Frozen foods,Food & Beverage
1428,David Golub,2.5,62,United States,Private equity,Finance & Investments
1429,Gu Yuhua & family,2.5,75,China,Furniture,Manufacturing
1430,Stein Erik Hagen,2.5,68,Norway,Consumer goods,Fashion & Retail
1431,Hans-Werner Hector,2.5,85,Germany,SAP,Technology
1432,Jay-Z,2.5,55,United States,Music,Media & Entertainment
1433,Nikhil Kamath,2.5,38,India,Financial services,Finance & Investments
1434,Douglas Hsu,2.5,82,Taiwan,Diversified,Diversified
1435,Geoffrey Kwok,2.5,39,Hong Kong,Real estate,Real Estate
1436,Jonathan Kwok,2.5,33,Hong Kong,Real estate,Real Estate
1437,Anthony Langley,2.5,70,United Kingdom,Manufacturing,Diversified
1438,Michel Litvak,2.5,73,Russia,Seaport,Logistics
1439,Palmer Luckey,2.5,32,United States,"Virtual reality, defense technology",Technology
1440,Prayudh Mahagitsiri,2.5,79,Thailand,"Coffee, shipping",Food & Beverage
1441,Mao Geping & family,2.5,61,China,Cosmetics,Fashion & Retail
1442,Lirio Parisotto,2.5,71,Brazil,Investments,Finance & Investments
1443,Michael Polsky,2.5,76,United States,Electric power,Energy
1444,Jennifer Pritzker,2.5,74,United States,"Hotels, investments",Finance & Investments
1445,Ruan Hongliang,2.5,64,China,Glass,Manufacturing
1446,Steven Sarowitz,2.5,59,United States,Payroll software,Technology
1447,Dwight Schar,2.5,83,United States,"Homebuilding, NFL team",Construction & Engineering
1448,Shu Ping,2.5,55,Singapore,Restaurants,Food & Beverage
1449,Abhay Soi,2.5,51,India,Healthcare,Healthcare
1450,Song Zuowen,2.5,78,China,"Aluminum, diversified",Diversified
1451,Ion Stoica,2.5,60,Romania,Data analytics,Technology
1452,Mehmet Sinan & Family Tara,2.5,66,Turkey,Construction,Construction & Engineering
1453,Vlad Tenev,2.5,38,United States,Stock trading app,Finance & Investments
1454,Roman Trotsenko,2.5,54,Russia,"Transport, engineering, real estate",Logistics
1455,T.Y. Tsai,2.5,72,Taiwan,Finance,Finance & Investments
1456,Barbara Tyson,2.5,76,United States,Food processing,Food & Beverage
1457,Roger Wang,2.5,76,United States,Retail,Fashion & Retail
1458,Wu Kai,2.5,57,China,Batteries,Energy
1459,Ye Chenghai & family,2.5,81,Hong Kong,Pharmaceuticals,Healthcare
1460,Matei Zaharia,2.5,39,Romania,Data analytics,Technology
1461,S. Daniel Abraham,2.4,100,United States,Slim-Fast,Food & Beverage
1462,Prem Kumar Arora,2.4,86,India,Pharmaceuticals,Healthcare
1463,Joseph Bae,2.4,53,United States,Private equity,Finance & Investments
1464,Marina Berlusconi,2.4,58,Italy,Media,Media & Entertainment
1465,Pier Silvio Berlusconi,2.4,55,Italy,Media,Media & Entertainment
1466,Christian Birkenstock,2.4,52,Germany,Shoes,Fashion & Retail
1467,Cai Huabo,2.4,49,China,Electronics,Technology
1468,Steve Case,2.4,66,United States,AOL,Technology
1469,Jean-Pierre Cayard & family,2.4,82,France,Spirits,Food & Beverage
1470,Chang Jianming & family,2.4,60,China,Industrial equipment,Manufacturing
1471,Chen Hua & family,2.4,59,China,Real estate,Real Estate
1472,Chen Tei-fu,2.4,76,Taiwan,Herbal products,Fashion & Retail
1473,Jim Crane,2.4,71,United States,"Logistics, baseball",Sports
1474,Henry Davis,2.4,74,United States,Beef processing,Food & Beverage
1475,D. Leopoldo Del Pino,2.4,62,Spain,Construction,Construction & Engineering
1476,Jamie Dimon,2.4,69,United States,Banking,Finance & Investments
1477,Domenico Dolce,2.4,66,Italy,Luxury goods,Fashion & Retail
1478,Bernard Ecclestone & family,2.4,94,United Kingdom,Formula One,Sports
1479,Stefano Gabbana,2.4,62,Italy,Luxury goods,Fashion & Retail
1480,Alessandra Garavoglia,2.4,65,Italy,Spirits,Food & Beverage
1481,Kamal Ghaffarian,2.4,66,United States,"Space, energy",Energy
1482,Shmuel Harlap,2.4,80,Israel,Automotive,Automotive
1483,Gerry Harvey,2.4,85,Australia,Retail,Fashion & Retail
1484,Eduardo Hochschild,2.4,61,Peru,Mining,Metals & Mining
1485,Reid Hoffman,2.4,57,United States,LinkedIn,Technology
1486,Bruce Karsh,2.4,69,United States,Private equity,Finance & Investments
1487,Sergei Kolesnikov,2.4,53,Russia,Building materials,Manufacturing
1488,Shlomo Kramer,2.4,59,Israel,"Software, investments",Technology
1489,John Krystynak,2.4,56,United States,"Marketing software, mobile games",Technology
1490,Li Gaiteng,2.4,52,China,Hair dryers,Manufacturing
1491,Jimmy John Liautaud,2.4,61,United States,Sandwich chain,Food & Beverage
1492,Jeffrey Michael & family,2.4,68,United States,Data management,Technology
1493,Robert G. Miller,2.4,79,Canada,Electronics components,Technology
1494,Yoshiko Mori,2.4,84,Japan,Real estate,Real Estate
1495,Or Wai Sheun,2.4,73,Hong Kong,Real estate,Real Estate
1496,Andreas Pohl,2.4,60,Germany,Mutual funds,Finance & Investments
1497,Qin Hua,2.4,57,China,Pet food,Food & Beverage
1498,Jupally Rameshwar Rao,2.4,69,India,Real estate,Real Estate
1499,Florian Rehm,2.4,47,Germany,Liquor,Food & Beverage
1500,Duke Reyes,2.4,68,United States,Beer distribution,Food & Beverage
1501,Bris Rocher,2.4,46,France,Cosmetics,Fashion & Retail
1502,Daniel Rocher,2.4,71,France,Cosmetics,Fashion & Retail
1503,Igor Rybakov,2.4,52,Russia,Building materials,Manufacturing
1504,Devi Shetty,2.4,72,India,Healthcare,Healthcare
1505,John Stanton,2.4,69,United States,Wireless,Telecom
1506,Sylvia Stroeher,2.4,69,Germany,Cosmetics,Fashion & Retail
1507,Sun Shoukuan,2.4,75,China,"Metals, coal",Manufacturing
1508,Alexander Svetakov,2.4,57,Russia,Real estate,Finance & Investments
1509,Tang Yiu,2.4,91,Hong Kong,Fashion retail,Fashion & Retail
1510,Arvind Tiku,2.4,55,India,"Renewable energy, real estate",Energy
1511,Rita Tong Liu,2.4,76,Hong Kong,Real estate,Real Estate
1512,Tran Dinh Long,2.4,64,Vietnam,Steel,Manufacturing
1513,Pierre van der Mersch & family,2.4,90,Belgium,Investing,Finance & Investments
1514,Sekar Vembu,2.4,53,India,Business software,Technology
1515,Wang Yanqing,2.4,58,China,Electrical equipment,Manufacturing
1516,Ingrid Wu,2.4,,United States,Manufacturing,Manufacturing
1517,Xie Liangzhi & family,2.4,59,China,Biotech,Healthcare
1518,Xue Xiangdong & family,2.4,66,China,Software,Technology
1519,Zhao Fenggang,2.4,59,China,Batteries,Energy
1520,Zhu Gongshan & family,2.4,67,China,Solar panel materials,Manufacturing
1521,Leonard Abess,2.3,76,United States,Banking,Finance & Investments
1522,David Adelman,2.3,53,United States,"Real estate, asset management",Real Estate
1523,Abdullah Amer Al Nahdi,2.3,64,Saudi Arabia,Pharmacies,Healthcare
1524,Mohamed Alabbar,2.3,68,United Arab Emirates,"Real estate, restaurants",Diversified
1525,Yvonne Bauer,2.3,48,Germany,"Magazines, media",Media & Entertainment
1526,Alberto Bombassei,2.3,84,Italy,Automotive brakes,Automotive
1527,William Boyd & family,2.3,93,United States,"Casinos, banking",Gambling & Casinos
1528,Timothy Boyle,2.3,75,United States,Columbia Sportswear,Fashion & Retail
1529,Yadu Hari Dalmia & family,2.3,77,India,Cement,Manufacturing
1530,Egon Durban,2.3,51,United States,Private equity,Finance & Investments
1531,Sandeep Engineer,2.3,63,India,Plastic pipes,Manufacturing
1532,John Fish,2.3,65,United States,Construction,Construction & Engineering
1533,David Fong,2.3,67,Hong Kong,Real estate,Real Estate
1534,Scot French,2.3,54,United States,Private equity,Finance & Investments
1535,Rolf Gerling,2.3,70,Germany,Insurance,Finance & Investments
1536,Noam Gottesman,2.3,63,United States,Hedge funds,Finance & Investments
1537,Esther Grether,2.3,89,Switzerland,Art collection,Fashion & Retail
1538,Kenneth Hao,2.3,56,United States,Private equity,Finance & Investments
1539,Hong Jie,2.3,57,China,Paint,Manufacturing
1540,Adam Kwok,2.3,42,Hong Kong,Real estate,Real Estate
1541,Kristo Käärmann,2.3,44,Estonia,"Payments, banking",Finance & Investments
1542,Joe Lacob,2.3,69,United States,Golden State Warriors,Sports
1543,Lee Yeow Seng,2.3,47,Malaysia,"Palm oil, property",Real Estate
1544,Angela Leong,2.3,64,Hong Kong,Casinos,Real Estate
1545,Liang Xinjun,2.3,56,Singapore,Investments,Finance & Investments
1546,Daniel Lubetzky,2.3,56,United States,Snack bars,Food & Beverage
1547,Alexander Lutsenko & family,2.3,62,Russia,Agribusiness,Food & Beverage
1548,Katarina Martinson,2.3,43,Sweden,Investments,Diversified
1549,Mi Enhua,2.3,67,China,Retail,Fashion & Retail
1550,Ravi Modi,2.3,48,India,Readymade garments,Fashion & Retail
1551,Greg Mondre,2.3,50,United States,Private equity,Finance & Investments
1552,Bobby Murphy,2.3,36,United States,Snapchat,Technology
1553,David Nahmad,2.3,77,Monaco,Art collection,Fashion & Retail
1554,Adam Neumann,2.3,46,Israel,WeWork,Real Estate
1555,Michael Patterson,2.3,50,United States,Private equity,Finance & Investments
1556,Julio Ponce Lerou,2.3,79,Chile,Fertilizer,Metals & Mining
1557,Jerry Reinsdorf,2.3,89,United States,Sports teams,Sports
1558,Alexey Repik,2.3,45,Russia,Pharmaceuticals,Healthcare
1559,Christopher Rokos,2.3,54,United Kingdom,Hedge fund,Finance & Investments
1560,Bennett Rosenthal,2.3,61,United States,Finance,Finance & Investments
1561,Alexander Skorobogatko,2.3,57,Russia,"Real estate, airport",Logistics
1562,Sheryl Sandberg,2.3,55,United States,Facebook,Technology
1563,Stefan Soloviev,2.3,49,United States,"Real estate, grains",Real Estate
1564,Sergei Sudarikov,2.3,53,Russia,"Finance, development",Finance & Investments
1565,Marcel Herrmann Telles & family,2.3,75,Brazil,Beer,Food & Beverage
1566,Hamdi Ulukaya,2.3,52,Turkey,Greek yogurt,Food & Beverage
1567,David Walentas,2.3,86,United States,Real estate,Real Estate
1568,Wee Ee Cheong,2.3,72,Singapore,Banking,Finance & Investments
1569,Michael Ying,2.3,75,Hong Kong,Retail,Fashion & Retail
1570,Zhang Jingzhang & family,2.3,89,China,Precision machinery,Manufacturing
1571,Zhao Lixin,2.3,59,China,Electronics,Technology
1572,Anita Zucker,2.3,73,United States,Chemicals,Manufacturing
1573,Syed Mokhtar AlBukhary,2.2,73,Malaysia,"Engineering, automotive",Construction & Engineering
1574,Mika Anttonen,2.2,58,Finland,Oil & gas,Energy
1575,Lee Bass,2.2,68,United States,"Oil, investments",Energy
1576,Dermot Desmond,2.2,74,Ireland,Finance,Finance & Investments
1577,Mohammed Dewji,2.2,49,Tanzania,Diversified,Diversified
1578,Elisabeth Douglas,2.2,83,Sweden,Investments,Diversified
1579,Francois Feuillet & family,2.2,76,France,"Motorhomes, RVs",Automotive
1580,Maria Franca Fissolo,2.2,90,Italy,"Nutella, chocolates",Food & Beverage
1581,Tom Ford,2.2,63,United States,Fashion,Fashion & Retail
1582,Antonio Gracias,2.2,54,United States,Investments,Finance & Investments
1583,Alexandre Grendene Bartelle,2.2,75,Brazil,Shoes,Fashion & Retail
1584,Irving Grousbeck & family,2.2,90,United States,"Telecommunication, sports",Sports
1585,Patrick Hanrahan,2.2,69,United States,Software,Technology
1586,Surjit Kumar Gupta,2.2,83,India,Electrical equipment,Manufacturing
1587,Hu Rongda & family,2.2,66,China,Chemicals,Manufacturing
1588,Hui Wing Mau,2.2,74,Hong Kong,Real estate,Real Estate
1589,David Kaplan,2.2,57,United States,Finance,Finance & Investments
1590,Lai Shixian,2.2,50,China,Sports apparel,Fashion & Retail
1591,Michiel Le Roux,2.2,75,South Africa,Banking,Finance & Investments
1592,Liang Rubo,2.2,42,China,TikTok,Technology
1593,Louise Lindh,2.2,45,Sweden,Investments,Diversified
1594,Liu Weiping,2.2,46,China,Packaged food,Food & Beverage
1595,Bill Malhotra,2.2,75,Canada,Real estate,Real Estate
1596,Howard Marks,2.2,78,United States,Private equity,Finance & Investments
1597,Constantinos Martinos & family,2.2,72,Greece,Shipping,Logistics
1598,Dmitry Mazepin,2.2,56,Russia,Chemicals,Manufacturing
1599,Toshio Motoya,2.2,81,Japan,Hotels,Service
1600,Kabir Mulchandani,2.2,52,India,Real estate,Real Estate
1601,Oei Hong Leong,2.2,77,Singapore,Investments,Finance & Investments
1602,Adebayo Ogunlesi,2.2,71,United States,Private equity,Finance & Investments
1603,Ajay Parekh,2.2,67,India,Adhesives,Manufacturing
1604,Narendrakumar Parekh,2.2,86,India,Adhesives,Manufacturing
1605,Reinfried Pohl Jr.,2.2,65,Germany,Mutual funds,Finance & Investments
1606,Larry Robbins,2.2,55,United States,Hedge funds,Finance & Investments
1607,Matthew Roszak,2.2,52,United States,Cryptocurrency,Finance & Investments
1608,Igor Rotenberg,2.2,51,Russia,"Investments, real estate",Diversified
1609,Karin Sartorius-Herbst,2.2,82,Germany,Biopharmaceuticals,Healthcare
1610,Paul Saville,2.2,69,United States,Homebuilder,Real Estate
1611,James Scapa,2.2,68,United States,Software,Technology
1612,Karl Scheufele III & family,2.2,86,Switzerland,Jewelry,Fashion & Retail
1613,Airat Shaimiev,2.2,63,Russia,"Refinery, chemicals",Energy
1614,Jerry Speyer & family,2.2,84,United States,Real estate,Real Estate
1615,Henry Swieca,2.2,67,United States,Hedge funds,Finance & Investments
1616,Hans Sy,2.2,69,Philippines,Diversified,Diversified
1617,Gerda Tschira,2.2,81,Germany,Software,Technology
1618,Harald Tschira,2.2,50,Germany,Software,Technology
1619,Udo Tschira,2.2,55,Germany,Software,Technology
1620,Eduardo Vivas,2.2,39,United States,"Marketing software, mobile games",Media & Entertainment
1621,Wang Wenmo,2.2,68,China,Sports apparel,Fashion & Retail
1622,V. Prem Watsa,2.2,74,Canada,"Insurance, investments",Finance & Investments
1623,Wei Ing-Chou,2.2,71,Taiwan,"Food, beverages",Food & Beverage
1624,Wei Yin-Chun,2.2,68,Taiwan,"Food, beverages",Food & Beverage
1625,Wei Yin-Heng,2.2,66,Taiwan,"Food, beverages",Food & Beverage
1626,Wei Ying-Chiao,2.2,70,Taiwan,"Food, beverages",Food & Beverage
1627,Zhang Li,2.2,72,China,Real estate,Real Estate
1628,Zhang Shengwei,2.2,51,China,E-cigarettes,Manufacturing
1629,Tony Xu,2.2,40,United States,Food delivery service,Technology
1630,Roy Reznik,2.2,36,Israel,Security startup,Technology
1631,Assaf Rappaport,2.2,41,Israel,Security startup,Technology
1632,Ami Luttwak,2.2,41,Israel,Security startup,Technology
1633,Yinon Costica,2.2,42,Israel,Security startup,Technology
1634,An Kang,2.1,76,China,Pharmaceuticals,Healthcare
1635,Andrey Andreev,2.1,51,United Kingdom,Online dating,Technology
1636,Vasily Anisimov,2.1,73,Croatia,Real estate,Metals & Mining
1637,Michael Arougheti,2.1,52,United States,Finance,Finance & Investments
1638,Bang Si-hyuk,2.1,52,South Korea,Entertainment,Media & Entertainment
1639,Julio Bozano,2.1,89,Brazil,Banking,Finance & Investments
1640,Anthony Casalena,2.1,42,United States,Software,Technology
1641,Chen Jinxia,2.1,57,China,Investments,Finance & Investments
1642,Chen Qiongxiang,2.1,,China,Batteries,Energy
1643,Manas Chiaravanond,2.1,69,Thailand,Diversified,Diversified
1644,Phongthep Chiaravanont,2.1,73,Thailand,Diversified,Diversified
1645,Prathip Chiaravanont,2.1,76,Thailand,Diversified,Diversified
1646,Larry Connor & family,2.1,75,United States,Real estate,Real Estate
1647,Alpana Dangi,2.1,52,India,Investments,Finance & Investments
1648,Fabrizio Di Amato,2.1,61,Italy,Engineering,Construction & Engineering
1649,James Dinan,2.1,65,United States,Hedge funds,Finance & Investments
1650,Ibrahim Erdemoglu,2.1,62,Turkey,Carpet,Manufacturing
1651,Vladislav Filev & family,2.1,61,Russia,Airlines,Service
1652,Phillip Frost,2.1,88,United States,Pharmaceuticals,Healthcare
1653,Fiona Geminder,2.1,60,Australia,Manufacturing,Manufacturing
1654,Dennis Gillings,2.1,80,United Kingdom,Clinical trials,Healthcare
1655,Alec Gores,2.1,72,United States,Private equity,Finance & Investments
1656,Michael Heine,2.1,75,Australia,Financial services,Finance & Investments
1657,Reagan Horton,2.1,49,United States,Homebuilding,Real Estate
1658,Ryan Horton,2.1,52,United States,Homebuilding,Real Estate
1659,Huang Yi,2.1,63,Hong Kong,Car dealerships,Automotive
1660,Hal Jackman,2.1,92,Canada,"Insurance, investments",Finance & Investments
1661,Alicia Koplowitz,2.1,71,Spain,"Construction, investments",Finance & Investments
1662,Dominika Kulczyk,2.1,47,Poland,Diversified,Finance & Investments
1663,Heikki Kyostila,2.1,79,Finland,Dental products,Healthcare
1664,Somsri Lamsam,2.1,69,Thailand,Diversified,Diversified
1665,Marianna Latsis & family,2.1,72,Greece,"Banking, shipping",Diversified
1666,Peter Leibinger,2.1,58,Germany,Machine tools,Manufacturing
1667,Regine Leibinger,2.1,62,Germany,Machine tools,Manufacturing
1668,Nicola Leibinger-Kammueller,2.1,65,Germany,Manufacturing,Manufacturing
1669,James Leprino,2.1,87,United States,Cheese,Food & Beverage
1670,Solomon Lew,2.1,80,Australia,Retail,Fashion & Retail
1671,Marc Lipschultz,2.1,56,United States,Private equity,Finance & Investments
1672,Carlos March Delgado,2.1,79,Spain,Banking,Finance & Investments
1673,Pawel Marchewka,2.1,51,Poland,Videogames,Technology
1674,Jorge Mas,2.1,62,United States,Construction,Construction & Engineering
1675,Liora Ofer,2.1,71,Israel,Investments,Finance & Investments
1676,Stefan Olsson,2.1,76,Sweden,Diversified,Diversified
1677,Vitaly Orlov,2.1,59,Russia,Fisheries,Food & Beverage
1678,Tor Peterson,2.1,60,United States,Commodities,Metals & Mining
1679,Alexander Ponomarenko,2.1,60,Russia,"Real estate, airport",Logistics
1680,Vikram Punia,2.1,52,Russia,Pharmaceuticals,Healthcare
1681,Alexander Ramlie,2.1,52,Indonesia,Mining,Metals & Mining
1682,P.P. Reddy,2.1,67,India,Infrastructure,Construction & Engineering
1683,P.V. Krishna Reddy,2.1,55,India,Infrastructure,Construction & Engineering
1684,Richard Saghian,2.1,43,United States,Fast fashion,Fashion & Retail
1685,T. Denny Sanford,2.1,89,United States,"Banking, credit cards",Finance & Investments
1686,Stephan Schmidheiny,2.1,77,Switzerland,Investments,Finance & Investments
1687,Bhadresh Shah,2.1,73,India,Engineering,Manufacturing
1688,Radik Shaimiev,2.1,60,Russia,"Refinery, chemicals",Energy
1689,Thaksin Shinawatra,2.1,75,Thailand,Investments,Finance & Investments
1690,Basudeo Singh,2.1,84,India,Pharmaceuticals,Healthcare
1691,Zakhar Smushkin,2.1,63,Russia,"Pulp and paper, diversified",Diversified
1692,Sergei Studennikov & family,2.1,58,Russia,"Liquor stores, supermarkets",Fashion & Retail
1693,Herbert Sy,2.1,68,Philippines,Diversified,Diversified
1694,Katsumi Tada,2.1,79,Japan,Real estate,Real Estate
1695,Ion Tiriac,2.1,85,Romania,"Banking, insurance",Finance & Investments
1696,Jonathan Tisch,2.1,71,United States,"Loews, New York Giants",Diversified
1697,Masateru Uno & family,2.1,78,Japan,Drugstores,Fashion & Retail
1698,Pieter van der Does,2.1,55,Netherlands,Payments software,Technology
1699,Wang Zhenhua,2.1,63,China,Real estate,Real Estate
1700,Wong Man Li,2.1,60,Hong Kong,Furniture,Manufacturing
1701,Thomas Wu,2.1,74,Taiwan,Finance,Finance & Investments
1702,Xu Shugen,2.1,59,China,"Construction, mining machinery",Manufacturing
1703,Yoo Jung-hyun,2.1,55,South Korea,Online games,Media & Entertainment
1704,David Zalik,2.1,51,United States,Financial technology,Technology
1705,Yuan Fugen & family,2.1,74,China,Metal processing,Manufacturing
1706,Boris Zingarevich,2.1,65,Russia,"Pulp and paper, diversified",Diversified
1707,Zou Zhinong & family,2.1,57,China,Communication equipment,Manufacturing
1708,Clayton Zekelman,2.1,56,Canada,Steel,Manufacturing
1709,John Abele & family,2,88,United States,Healthcare,Healthcare
1710,A. Jayson Adair,2,55,United States,Damaged cars,Automotive
1711,Amy Adams Strunk,2,69,United States,Tennessee Titans,Sports
1712,Bhavish Aggarwal,2,39,India,Ride-hailing app,Technology
1713,Herbert Allen Jr. & family,2,85,United States,Investment banking,Finance & Investments
1714,Katharina Andresen,2,29,Norway,Investments,Diversified
1715,Michael Ashcroft,2,79,United Kingdom,Security,Finance & Investments
1716,Girdhari Lal Bawri,2,77,India,Pharmaceuticals,Healthcare
1717,Zadik Bino & family,2,81,Israel,"Banking, oil",Diversified
1718,Anand Burman,2,72,India,Consumer goods,Food & Beverage
1719,Cai Dongchen,2,72,China,Pharmaceuticals,Healthcare
1720,Binod Chaudhary,2,69,Nepal,Diversified,Diversified
1721,Solina Chau,2,63,Hong Kong,Investments,Finance & Investments
1722,Cho Jyh-jer,2,69,Taiwan,Semiconductors,Technology
1723,Sam Chong,2,82,Australia,Mining,Metals & Mining
1724,Gary Chouest & family,2,80,United States,Shipping,Logistics
1725,Marcelo Claure,2,54,United States,Cell phone distribution,Telecom
1726,Enrique Coppel Luken,2,77,Mexico,Diversified,Fashion & Retail
1727,Alexandra Daitch,2,62,United States,Cargill,Food & Beverage
1728,Marek Dospiva,2,55,Czech Republic,Investments,Finance & Investments
1729,Gabriele Gebauer,2,83,Germany,Textile,Manufacturing
1730,Christopher Goldsbury,2,82,United States,Salsa,Food & Beverage
1731,Mario Germano Giuliani,2,53,Switzerland,Pharmaceuticals,Healthcare
1732,John Hancock,2,49,Australia,Mining,Metals & Mining
1733,Luciano Hang,2,62,Brazil,Department stores,Fashion & Retail
1734,Bahaa Hariri,2,58,Lebanon,"Real estate, investments",Real Estate
1735,Jaroslav Hascak & family,2,55,Slovakia,Investments,Finance & Investments
1736,Richard Hayne,2,77,United States,Urban Outfitters,Fashion & Retail
1737,Jay Hennick,2,68,Canada,Real estate finance,Finance & Investments
1738,Ho Hung Anh,2,54,Vietnam,"Consumer products, banking",Finance & Investments
1739,David Hoffmann,2,72,United States,"Executive search, investments",Diversified
1740,Susan Carol Holland,2,68,Italy,Hearing aids,Manufacturing
1741,Drew Houston,2,42,United States,Cloud storage service,Technology
1742,Gregg Hymowitz,2,59,United States,Asset management,Finance & Investments
1743,Ali Metin Kazanci,2,90,Turkey,Energy,Energy
1744,William Koch,2,84,United States,"Oil, investments",Energy
1745,Mustafa Kucuk,2,61,Turkey,Fashion retail,Fashion & Retail
1746,Edward Lampert,2,62,United States,Sears,Finance & Investments
1747,Li Rucheng,2,73,China,Apparel,Fashion & Retail
1748,Charles Liang,2,67,United States,Computer hardware,Technology
1749,David Lichtenstein,2,63,United States,Real estate,Real Estate
1750,Liu Xiaodong,2,57,China,Flavorings,Manufacturing
1751,Joe Lonsdale,2,42,United States,Tech investments,Technology
1752,Sarah MacMillan,2,71,United States,Cargill,Food & Beverage
1753,Igor Makarov,2,62,Cyprus,Investments,Energy
1754,Juan March Delgado,2,85,Spain,Banking,Finance & Investments
1755,Craig McCaw,2,75,United States,Telecom,Telecom
1756,Robert Miller,2,91,United Kingdom,Retail,Fashion & Retail
1757,Simon Nixon,2,57,United Kingdom,Price comparison website,Technology
1758,Stephen Orenstein & family,2,61,United States,Supply chain services,Diversified
1759,Geoffrey Palmer,2,74,United States,Real estate,Real Estate
1760,David Paul,2,58,United States,Medical devices,Healthcare
1761,Dragos Paval,2,58,Romania,Retail,Fashion & Retail
1762,Pierre Karl Peladeau,2,63,Canada,Media,Media & Entertainment
1763,Linda Pritzker,2,71,United States,"Hotels, investments",Service
1764,Michael Rees,2,50,United States,Private equity,Finance & Investments
1765,Bianca Rinehart,2,48,Australia,Mining,Metals & Mining
1766,Ginia Rinehart,2,38,Australia,Mining,Metals & Mining
1767,Raj Sardana,2,65,United States,Technology services,Technology
1768,Shen Xiqiang & family,2,77,China,Chemical,Energy
1769,S.D. Shibulal,2,70,India,Software services,Technology
1770,Albert Shigaboutdinov,2,72,Russia,"Refinery, chemicals",Diversified
1771,Peter Sondakh,2,75,Indonesia,Investments,Finance & Investments
1772,Thomas Steyer,2,67,United States,Hedge funds,Finance & Investments
1773,Lucy Stitzer,2,65,United States,Cargill,Food & Beverage
1774,Rustem Sulteev,2,71,Russia,"Refinery, chemicals",Energy
1775,Shamsheer Vayalil,2,48,India,Healthcare,Healthcare
1776,Long Wan,2,84,China,Food,Food & Beverage
1777,Alexandr Wang,2,28,United States,Artificial intelligence,Technology
1778,Wang Junmin,2,56,China,Pharmaceuticals,Healthcare
1779,Wang Linpeng,2,56,China,Furniture retailing,Construction & Engineering
1780,Wang Xicheng & family,2,76,China,Tires,Manufacturing
1781,Charlotte Colket Weber,2,82,United States,Campbell Soup,Food & Beverage
1782,Hope Welker,2,39,Australia,Mining,Metals & Mining
1783,Tom Werner,2,74,United States,Sports teams,Sports
1784,Dan Wilks,2,68,United States,Natural gas,Energy
1785,Evan Williams,2,53,United States,Twitter,Technology
1786,Steven Witkoff,2,68,United States,Real estate,Real Estate
1787,Ian Wood & family,2,82,United Kingdom,Energy services,Energy
1788,Wu Yiling,2,75,China,Pharmaceuticals,Healthcare
1789,Elaine Wynn,2,82,United States,"Casinos, hotels",Gambling & Casinos
1790,Brian Venturo,2,40,United States,Technology,Technology
1791,Amy Wyss,2,54,United States,Medical equipment,Healthcare
1792,Xu Jinfu & family,2,61,China,Chemicals,Manufacturing
1793,Yu Kai,2,48,China,Autonomous driving,Technology
1794,Ales Zavoral,2,48,Czech Republic,E-commerce,Fashion & Retail
1795,Oren Zeev,2,60,Israel,Investments,Finance & Investments
1796,Stephan Schnabel,1.9,50,Germany,Chemicals,Manufacturing
1797,Madhusudan Agarwal,1.9,68,India,Indian sweets and snacks,Food & Beverage
1798,Rajendra Agarwal,1.9,66,India,Pharmaceuticals,Healthcare
1799,Faisal Bin Qassim Al Thani,1.9,77,Qatar,"Hotels, diversified",Diversified
1800,Leslie Alexander,1.9,81,United States,Sports team,Sports
1801,Marc Andreessen,1.9,53,United States,Venture capital investing,Finance & Investments
1802,Alexandra Andresen,1.9,28,Norway,Investments,Diversified
1803,Roberto Angelini Rossi,1.9,76,Chile,"Forestry, mining",Diversified
1804,Masaaki Arai,1.9,59,Japan,Real estate,Real Estate
1805,Mark Attanasio,1.9,67,United States,Finance,Finance & Investments
1806,Sezai Bacaksiz,1.9,75,Turkey,Diversified,Diversified
1807,Suhail Bahwan,1.9,86,Oman,Diversified,Diversified
1808,Banwari Lal Bawri,1.9,71,India,Pharmaceuticals,Healthcare
1809,Juan Domingo Beckmann Legorreta & family,1.9,57,Mexico,Tequila,Food & Beverage
1810,Sabrina Benetton,1.9,51,Italy,"Fashion retail, investments",Fashion & Retail
1811,Hari Bhartia,1.9,68,India,Diversified,Diversified
1812,Shyam Bhartia,1.9,72,India,"Pharmaceuticals, food",Healthcare
1813,Alex Birkenstock,1.9,56,Germany,Shoes,Fashion & Retail
1814,Brett Blundy,1.9,65,Australia,"Retail, agribusiness",Fashion & Retail
1815,Nicola Bulgari,1.9,84,Italy,Luxury goods,Fashion & Retail
1816,Chen Jiancheng,1.9,66,China,Manufacturing,Manufacturing
1817,Chi Yufeng,1.9,54,China,Software,Technology
1818,Chow Shing Yuk,1.9,47,Hong Kong,Logistics,Logistics
1819,Chu Lam Yiu,1.9,55,Hong Kong,Flavorings,Manufacturing
1820,Deng Weiming & family,1.9,56,China,Battery components,Manufacturing
1821,Sefik Yilmaz Dizdar,1.9,87,Turkey,Fashion retail,Fashion & Retail
1822,Dong Wei,1.9,54,China,Pharmaceuticals,Healthcare
1823,Annalisa Doris,1.9,54,Italy,Financial services,Finance & Investments
1824,Massimo Doris,1.9,57,Italy,Financial services,Finance & Investments
1825,Du Jinhao,1.9,71,China,Pharmaceuticals,Healthcare
1826,Keith Dunleavy & family,1.9,55,United States,Health IT,Healthcare
1827,Itzhak Ezratti & family,1.9,72,United States,Homebuilding,Real Estate
1828,Vladimir Fartushnyak,1.9,63,Russia,Retail,Fashion & Retail
1829,Mario Gabelli,1.9,83,United States,Money management,Finance & Investments
1830,Gao Jifan & family,1.9,60,China,Solar equipment,Energy
1831,John Goff,1.9,69,United States,Real estate,Real Estate
1832,Cynthia Helena Grossman Fleishman,1.9,70,Mexico,Arca Continental,Food & Beverage
1833,Christoph Henkel,1.9,67,Germany,Consumer goods,Fashion & Retail
1834,Ilkka Herlin,1.9,66,Finland,"Elevators, escalators",Manufacturing
1835,Roberto Hernandez Ramirez,1.9,83,Mexico,"Banking, investments",Finance & Investments
1836,Archie Hwang,1.9,72,Singapore,Semiconductors,Technology
1837,Anurang Jain,1.9,63,India,Auto parts,Manufacturing
1838,Conni Jonsson,1.9,64,Sweden,Asset management,Finance & Investments
1839,George Joseph,1.9,103,United States,Insurance,Finance & Investments
1840,Carsten Koerl,1.9,60,Germany,Sports data,Sports
1841,Koh Wee Meng,1.9,61,Singapore,"Real estate, hotels",Real Estate
1842,Ramesh Kunhikannan,1.9,61,India,Electronics,Manufacturing
1843,Hemendra Kothari,1.9,78,India,Financial services,Finance & Investments
1844,Kwak Dong Shin,1.9,50,South Korea,Semiconductors,Technology
1845,Thomas Kwok,1.9,73,Hong Kong,Real estate,Real Estate
1846,Marc Lasry,1.9,64,United States,Hedge funds,Finance & Investments
1847,Louis Le Duff,1.9,78,France,Bakeries,Food & Beverage
1848,Manfredi Lefebvre d'Ovidio & family,1.9,71,Italy,Cruises,Service
1849,James Leininger,1.9,80,United States,Medical products,Healthcare
1850,Li Haiyan,1.9,,China,Restaurants,Food & Beverage
1851,Li Li,1.9,59,China,Healthcare,Healthcare
1852,Lin Xiucheng & family,1.9,69,China,Electronics,Technology
1853,George Alexander Muthoot,1.9,69,India,Financial services,Finance & Investments
1854,Max Lytvyn,1.9,45,Canada,Software,Technology
1855,George Jacob Muthoot,1.9,72,India,Financial services,Finance & Investments
1856,George Thomas Muthoot,1.9,74,India,Financial services,Finance & Investments
1857,Sara George Muthoot,1.9,64,India,Financial services,Finance & Investments
1858,Ni Yongpei & family,1.9,73,China,Beverages,Food & Beverage
1859,Ni Zugen,1.9,68,China,Appliances,Manufacturing
1860,Nihat Ozdemir,1.9,74,Turkey,Diversified,Diversified
1861,Susan Ocampo & family,1.9,67,United States,Semiconductors,Technology
1862,Pan Dong,1.9,60,Canada,Consumer goods,Fashion & Retail
1863,Mrudula Parekh,1.9,77,India,Adhesives,Manufacturing
1864,Ren Yuanlin,1.9,71,China,Shipbuilding,Logistics
1865,Dhruv Sawhney,1.9,80,India,"Engineering, sugar",Construction & Engineering
1866,Alice Schwartz,1.9,98,United States,Biotech,Healthcare
1867,Alex Shevchenko,1.9,45,Canada,Software,Technology
1868,Ben Silbermann,1.9,42,United States,Social media,Media & Entertainment
1869,Konstantin Strukov & family,1.9,66,Russia,"Gold, coal mining",Metals & Mining
1870,Bambang Sutantio,1.9,66,Indonesia,Dairy & consumer products,Food & Beverage
1871,Harley Sy,1.9,65,Philippines,Diversified,Diversified
1872,Teresita Sy-Coson,1.9,74,Philippines,Diversified,Diversified
1873,Hermanto Tanoko,1.9,62,Indonesia,Paints,Manufacturing
1874,Alain Taravella,1.9,77,France,Real estate development,Real Estate
1875,Terry Taylor,1.9,74,United States,Car dealerships,Automotive
1876,David Teoh,1.9,69,Australia,Telecom,Telecom
1877,Wichai Thongtang,1.9,78,Thailand,"Healthcare, investments",Finance & Investments
1878,Wilma Tisch,1.9,97,United States,Loews,Diversified
1879,Bruce Toll,1.9,81,United States,Homebuilding,Real Estate
1880,Riaz Valani,1.9,48,United States,E-cigarettes,Finance & Investments
1881,Todd Wagner,1.9,64,United States,Online media,Media & Entertainment
1882,Chris Wallin,1.9,72,Australia,Mining,Metals & Mining
1883,Wang Junshi & family,1.9,76,China,Solar inverters,Manufacturing
1884,Wee Ee Lim,1.9,63,Singapore,Banking,Finance & Investments
1885,Farris Wilks,1.9,73,United States,Natural gas,Energy
1886,Anthony Wood,1.9,59,United States,Roku,Technology
1887,Wu Shaoxun,1.9,69,China,Wine,Food & Beverage
1888,Wu Yingming,1.9,58,China,Batteries,Energy
1889,Yu Lili,1.9,57,China,Electronic components,Manufacturing
1890,Gavril Yushvaev & family,1.9,67,Russia,"Precious metals, real estate",Finance & Investments
1891,Zhang Gongyun,1.9,62,China,Tyre manufacturing machinery,Manufacturing
1892,Zhang Ning,1.9,51,Canada,Chemicals,Manufacturing
1893,Will Adderley,1.8,53,United Kingdom,Home furnishings,Fashion & Retail
1894,Lesley Bamberger,1.8,59,Netherlands,Real estate,Real Estate
1895,Selçuk Bayraktar,1.8,45,Turkey,Military drones,Technology
1896,O. Francis Biondi,1.8,60,United States,Hedge funds,Finance & Investments
1897,Jim Breyer,1.8,63,United States,Venture capital,Finance & Investments
1898,Chen Qixing,1.8,65,China,Electronics components,Technology
1899,Samuel Chen,1.8,75,Taiwan,Investments,Finance & Investments
1900,Chen Tao & family,1.8,52,China,Hardware,Technology
1901,Daniel Chiu,1.8,64,Hong Kong,"Oil & gas, education",Energy
1902,Mark Coombs,1.8,64,United Kingdom,Finance,Finance & Investments
1903,Sandor Csanyi,1.8,72,Hungary,"Finance, real estate",Diversified
1904,Ishay Davidi,1.8,63,Israel,Private equity,Finance & Investments
1905,John de Mol,1.8,70,Netherlands,TV programs,Media & Entertainment
1906,Fritz Draexlmaier,1.8,73,Germany,Auto parts,Automotive
1907,Bob Ell,1.8,80,Australia,Real estate,Real Estate
1908,Ali Erdemoglu,1.8,65,Turkey,Carpet,Manufacturing
1909,Gary Fegel,1.8,51,Switzerland,"Commodities, investments",Metals & Mining
1910,Richard Fortin,1.8,76,Canada,Convenience stores,Fashion & Retail
1911,James France,1.8,80,United States,"NASCAR, racing",Sports
1912,Yasuhiro Fukushima,1.8,77,Japan,Video games,Media & Entertainment
1913,Jayme Garfinkel & family,1.8,79,Brazil,Insurance,Finance & Investments
1914,Ilona Herlin,1.8,60,Finland,"Elevators, escalators",Manufacturing
1915,Brian Higgins,1.8,60,United States,Hedge funds,Finance & Investments
1916,Hu Yangzhong,1.8,60,China,Technology,Technology
1917,Wei Huang,1.8,65,China,Real estate,Real Estate
1918,Huang Zhenda & family,1.8,77,China,Construction,Construction & Engineering
1919,Stanley Hubbard,1.8,91,United States,DirecTV,Media & Entertainment
1920,Zbigniew Juroszek & family,1.8,62,Poland,"Real estate, gambling",Diversified
1921,Bachtiar Karim,1.8,67,Indonesia,Palm oil,Manufacturing
1922,Kim Jun-ki,1.8,80,South Korea,Diversified,Diversified
1923,Valentin Kipyatkov,1.8,48,Cyprus,Software,Technology
1924,Martin Knauf,1.8,44,Germany,Building materials,Manufacturing
1925,Lam Kong,1.8,60,China,Pharmaceuticals,Healthcare
1926,Jane Lauder,1.8,52,United States,Estée Lauder,Fashion & Retail
1927,Frank Laukien,1.8,65,United States,Scientific equipment,Manufacturing
1928,Li Zhongchu,1.8,61,China,Software,Technology
1929,Lim Kok Thay,1.8,73,Malaysia,Casinos,Gambling & Casinos
1930,Scott Lin,1.8,92,Taiwan,Optical components,Technology
1931,Edir Macedo & family,1.8,80,Brazil,Broadcasting,Media & Entertainment
1932,Duncan MacMillan,1.8,87,United States,Bloomberg LP,Finance & Investments
1933,Andreas Martinos & family,1.8,69,Greece,Shipping,Logistics
1934,Athanasios Martinos & family,1.8,75,Greece,"Shipping, real estate",Logistics
1935,Gabriella Meister,1.8,76,Germany,Appliances,Manufacturing
1936,Ulrike Meister,1.8,58,Germany,Appliances,Manufacturing
1937,Gary Michelson,1.8,76,United States,Medical patents,Healthcare
1938,Adriaan Mol,1.8,41,Netherlands,Fintech,Technology
1939,Massimo Moratti,1.8,79,Italy,Oil refinery,Energy
1940,Alfred Oetker,1.8,58,Germany,Consumer goods,Fashion & Retail
1941,Carl Ferdinand Oetker,1.8,52,Germany,Consumer goods,Fashion & Retail
1942,Ioannis Papalekas,1.8,48,Greece,Real estate,Real Estate
1943,Petro Poroshenko,1.8,59,Ukraine,Confectionery,Food & Beverage
1944,Chad Richison,1.8,54,United States,Payroll processing,Technology
1945,Hans-Ueli Rihs & family,1.8,,Switzerland,Hearing aids,Manufacturing
1946,Brian Roberts,1.8,65,United States,Comcast,Media & Entertainment
1947,Fernando Roig,1.8,77,Spain,Supermarkets,Fashion & Retail
1948,Stephen Rubin & family,1.8,88,United Kingdom,Sports apparel,Fashion & Retail
1949,Andres Santo Domingo,1.8,46,United States,Beer,Food & Beverage
1950,Karin Schick,1.8,54,Germany,Information technology,Technology
1951,Amnon Shashua,1.8,64,Israel,Automotive technology,Automotive
1952,Phil Shawe,1.8,55,United States,Translation services,Technology
1953,Rick Smith,1.8,54,United States,Tasers,Technology
1954,Sun Mengquan & family,1.8,75,China,Edible oil,Food & Beverage
1955,Lina Tombolato,1.8,77,Italy,Financial services,Finance & Investments
1956,Wee Ee Chao,1.8,69,Singapore,Banking,Finance & Investments
1957,Toto Wolff,1.8,53,Austria,Sports,Sports
1958,Wong Luen Hei,1.8,63,China,Building materials,Manufacturing
1959,Gordon Wu,1.8,89,Hong Kong,Real estate,Real Estate
1960,Franziska Wuerbser,1.8,37,Germany,Kitchen appliances,Manufacturing
1961,Xu Yingzhuo,1.8,57,China,Agribusiness,Food & Beverage
1962,Huijiao Yu,1.8,59,China,Package delivery,Logistics
1963,Zhao Tao,1.8,59,Singapore,Pharmaceuticals,Healthcare
1964,Zhu Zhaojiang,1.8,51,China,Smartphones,Manufacturing
1965,Yin Yee Lee,1.7,73,China,Glass,Manufacturing
1966,C.C. Leung,1.7,75,Taiwan,Electronics,Technology
1967,Don Levin,1.7,73,United States,Rolling papers,Manufacturing
1968,Hamdi Akin & family,1.7,70,Turkey,Diversified,Diversified
1969,Nerio Alessandri,1.7,63,Italy,Gym equipment,Manufacturing
1970,Chirayu Amin,1.7,78,India,Pharmaceuticals,Healthcare
1971,Giovanni Arvedi,1.7,87,Italy,Steel,Metals & Mining
1972,Ulrike Baro,1.7,75,Germany,Biopharmaceuticals,Healthcare
1973,Guilherme Benchimol,1.7,48,Brazil,Financial services,Finance & Investments
1974,Kapil Bhatia,1.7,92,India,Aviation,Service
1975,Bernhard Braun-Luedicke,1.7,48,Germany,Medical technology,Healthcare
1976,Eva Maria Braun-Luedicke,1.7,38,Germany,Medical technology,Healthcare
1977,Friederike Braun-Luedicke,1.7,41,Germany,Medical technology,Healthcare
1978,R.G. Chandramogan,1.7,76,India,Dairy,Food & Beverage
1979,Ron Corio,1.7,63,United States,Solar,Energy
1980,George Christ & family,1.7,70,United States,Technology,Technology
1981,Stephane Courbit,1.7,59,France,Entertainment,Media & Entertainment
1982,Carmen Daurella Aguilera,1.7,68,Spain,Coca-Cola bottler,Food & Beverage
1983,Norbert Dentressangle & family,1.7,70,France,"Transport, logistics",Logistics
1984,Shlomo Eliahu,1.7,89,Israel,Insurance,Finance & Investments
1985,Alfredo Egydio Arruda Villela Filho,1.7,55,Brazil,Banking,Finance & Investments
1986,Robert Fisher,1.7,71,United States,Gap,Fashion & Retail
1987,Luiz Frias,1.7,61,Brazil,Media,Media & Entertainment
1988,Philippe Ginestet & family,1.7,71,France,Retail stores,Fashion & Retail
1989,Avram Glazer,1.7,64,United States,"Manchester United, Tampa Bay Buccaneers",Sports
1990,Bryan Glazer,1.7,60,United States,"Manchester United, Tampa Bay Buccaneers",Sports
1991,Edward Glazer,1.7,55,United States,"Manchester United, Tampa Bay Buccaneers",Sports
1992,Joel Glazer,1.7,58,United States,"Manchester United, Tampa Bay Buccaneers",Sports
1993,Kevin Glazer,1.7,63,United States,"Manchester United, Tampa Bay Buccaneers",Sports
1994,Darcie Glazer Kassewitz,1.7,56,United States,"Manchester United, Tampa Bay Buccaneers",Sports
1995,Bill Gross,1.7,80,United States,Investments,Finance & Investments
1996,Georg Haub,1.7,63,Germany,Retail,Fashion & Retail
1997,Alfred West Jr.,1.7,82,United States,Money management,Finance & Investments
1998,Kie Chie Wong,1.7,76,Malaysia,Investments,Metals & Mining
1999,Xu Chuanhua & family,1.7,90,China,"Chemicals, logistics",Manufacturing
2000,Vadim Yakunin,1.7,62,Russia,Pharmacy,Healthcare
2001,Yan Zhi,1.7,52,China,Real estate,Real Estate
2002,Vladimir Yevtushenkov,1.7,76,Russia,"Telecom, investments",Telecom
2003,Michael Minhong Yu,1.7,63,China,Education,Service
2004,Alan Zekelman,1.7,62,Canada,Steel,Manufacturing
2005,Zhang Liguo,1.7,61,China,Skincare,Manufacturing
2006,Ivan Zhao,1.7,38,Canada,Software,Technology
2007,Zhu Weisong,1.7,43,China,"Online games, toys",Media & Entertainment
2008,Jerry Moyes & family,1.7,81,United States,Transportation,Logistics
2009,Karl-Johan Persson,1.7,50,Sweden,H&M,Fashion & Retail
2010,Vasily Shikin,1.7,39,United States,"Marketing software, mobile games",Technology
2011,Hamdi Akin & family,1.7,70,Turkey,Diversified,Diversified
2012,Nerio Alessandri,1.7,63,Italy,Gym equipment,Manufacturing
2013,Chirayu Amin,1.7,78,India,Pharmaceuticals,Healthcare
2014,Giovanni Arvedi,1.7,87,Italy,Steel,Metals & Mining
2015,Ulrike Baro,1.7,75,Germany,Biopharmaceuticals,Healthcare
2016,Rolly van Rappard,1.7,64,Netherlands,Private equity,Finance & Investments
2017,Guilherme Benchimol,1.7,48,Brazil,Financial services,Finance & Investments
2018,Kapil Bhatia,1.7,92,India,Aviation,Service
2019,Bernhard Braun-Luedicke,1.7,48,Germany,Medical technology,Healthcare
2020,Eva Maria Braun-Luedicke,1.7,38,Germany,Medical technology,Healthcare
2021,Friederike Braun-Luedicke,1.7,41,Germany,Medical technology,Healthcare
2022,R.G. Chandramogan,1.7,76,India,Dairy,Food & Beverage
2023,Wei Lidong & family,1.7,49,China,Software,Technology
2024,Ron Corio,1.7,63,United States,Solar,Energy
2025,George Christ & family,1.7,70,United States,Technology,Technology
2026,Stephane Courbit,1.7,59,France,Entertainment,Media & Entertainment
2027,Carmen Daurella Aguilera,1.7,68,Spain,Coca-Cola bottler,Food & Beverage
2028,Norbert Dentressangle & family,1.7,70,France,"Transport, logistics",Logistics
2029,Shlomo Eliahu,1.7,89,Israel,Insurance,Finance & Investments
2030,Alfredo Egydio Arruda Villela Filho,1.7,55,Brazil,Banking,Finance & Investments
2031,Robert Fisher,1.7,71,United States,Gap,Fashion & Retail
2032,Luiz Frias,1.7,61,Brazil,Media,Media & Entertainment
2033,Philippe Ginestet & family,1.7,71,France,Retail stores,Fashion & Retail
2034,Avram Glazer,1.7,64,United States,"Manchester United, Tampa Bay Buccaneers",Sports
2035,Bryan Glazer,1.7,60,United States,"Manchester United, Tampa Bay Buccaneers",Sports
2036,Edward Glazer,1.7,55,United States,"Manchester United, Tampa Bay Buccaneers",Sports
2037,Joel Glazer,1.7,58,United States,"Manchester United, Tampa Bay Buccaneers",Sports
2038,Kevin Glazer,1.7,63,United States,"Manchester United, Tampa Bay Buccaneers",Sports
2039,Darcie Glazer Kassewitz,1.7,56,United States,"Manchester United, Tampa Bay Buccaneers",Sports
2040,Bill Gross,1.7,80,United States,Investments,Finance & Investments
2041,Georg Haub,1.7,63,Germany,Retail,Fashion & Retail
2042,Daniel Hirschfeld,1.7,83,United States,Fashion retail,Fashion & Retail
2043,Huang Dawen,1.7,64,Hong Kong,Silicon,Manufacturing
2044,Hou Juncheng,1.7,60,China,Cosmetics,Healthcare
2045,Peter Jackson,1.7,63,New Zealand,"Movies, digital effects",Media & Entertainment
2046,Mitchell Jacobson,1.7,74,United States,Industrial equipment,Service
2047,Kim Kardashian,1.7,44,United States,"Shapewear, skincare",Fashion & Retail
2048,Eugene Kaspersky,1.7,59,Russia,Software,Technology
2049,Walter Kortschak,1.7,65,United States,Venture capital,Finance & Investments
2050,Kwee Liong Keng,1.7,79,Singapore,Real estate,Real Estate
2051,Sebastian Kulczyk,1.7,44,Poland,Diversified,Finance & Investments
2052,Kwee Liong Phing,1.7,67,Singapore,Real estate,Real Estate
2053,Kwee Liong Seen,1.7,72,Singapore,Real estate,Real Estate
2054,Kwee Liong Tek,1.7,78,Singapore,Real estate,Real Estate
2055,Wenaas Lars,1.7,73,Norway,Hotels,Service
2056,Raamdeo Agrawal,1.6,68,India,Financial services,Finance & Investments
2057,Farkhad Akhmedov,1.6,69,Russia,Investments,Energy
2058,Ben Ashkenazy,1.6,55,United States,Real estate,Real Estate
2059,Danna Azrieli,1.6,57,Israel,Real estate,Real Estate
2060,Naomi Azrieli,1.6,59,Canada,Real estate,Real Estate
2061,Sharon Azrieli,1.6,64,Canada,Real estate,Real Estate
2062,Haluk Bayraktar,1.6,46,Turkey,Military drones,Technology
2063,Alex Beard,1.6,57,United Kingdom,"Mining, commodities",Metals & Mining
2064,Barbara Benetton,1.6,55,Italy,"Fashion retail, investments",Fashion & Retail
2065,Othman Benjelloun & family,1.6,92,Morocco,"Banking, insurance",Finance & Investments
2066,Lloyd Blankfein,1.6,70,United States,Banking,Finance & Investments
2067,Thomas Bruch,1.6,74,Germany,Retail,Fashion & Retail
2068,Paolo Bulgari,1.6,87,Italy,Luxury goods,Fashion & Retail
2069,Stewart Butterfield,1.6,52,Canada,Messaging software,Technology
2070,Richard Chang,1.6,78,Taiwan,"Real estate, electronics",Real Estate
2071,Chen Yung-tai,1.6,89,Taiwan,Real estate,Real Estate
2072,Chen Zhisong,1.6,59,China,Communication equipment,Technology
2073,Cheng Zhenghui,1.6,60,China,Medical equipment,Healthcare
2074,Chin Jong Hwa,1.6,66,Taiwan,Auto parts,Automotive
2075,Ivan Chrenko,1.6,57,Slovakia,Real estate,Real Estate
2076,Chu Mang Yee & family,1.6,65,China,Real estate,Real Estate
2077,Ronald Clarke,1.6,69,United States,Payments technology,Technology
2078,Charles Cohen,1.6,73,United States,Real estate,Real Estate
2079,Rubén Coppel Luken,1.6,74,Mexico,Diversified,Fashion & Retail
2080,Bharat Desai,1.6,72,United States,IT consulting,Technology
2081,Diona Teh Li Shian,1.6,,Malaysia,Banking,Finance & Investments
2082,Dong Fan,1.6,55,China,Medical devices,Healthcare
2083,Henry Engelhardt,1.6,67,United States,Insurance,Finance & Investments
2084,Fernando Espinosa Abdalá,1.6,75,Mexico,Pharmaceuticals,Healthcare
2085,Leopoldo Espinosa Abdalá,1.6,,Mexico,Pharmaceuticals,Healthcare
2086,William Fisher,1.6,68,United States,Gap,Fashion & Retail
2087,Christine Franken & family,1.6,80,Germany,Biopharmaceuticals,Healthcare
2088,Bernd Freier,1.6,68,Germany,Fashion retail,Fashion & Retail
2089,Jeffrey Gundlach,1.6,66,United States,Investments,Finance & Investments
2090,Giammaria Giuliani,1.6,47,Switzerland,Pharmaceuticals,Healthcare
2091,Sue Gross,1.6,75,United States,Investments,Finance & Investments
2092,Said Gutseriev,1.6,36,Russia,"Retail, investments",Energy
2093,William Heinecke,1.6,75,Thailand,Hotels,Real Estate
2094,Asok Kumar Hiranandani,1.6,70,Singapore,Real estate,Real Estate
2095,Clark Hunt & family,1.6,60,United States,Kansas City Chiefs,Sports
2096,Daniel Hunt & family,1.6,48,United States,Kansas City Chiefs,Sports
2097,Lamar Hunt Jr. & family,1.6,68,United States,Kansas City Chiefs,Sports
2098,Sharron Hunt & family,1.6,67,United States,Kansas City Chiefs,Sports
2099,Pavan Jain,1.6,73,India,Chemicals,Manufacturing
2100,Ajay Jaisinghani,1.6,73,India,Wires and cables,Manufacturing
2101,Inder Jaisinghani,1.6,72,India,Cables & wires,Manufacturing
2102,Ramesh Jaisinghani,1.6,68,India,Cables and wires,Manufacturing
2103,Sergei Katsiev,1.6,67,Russia,"Retail, wholesale",Fashion & Retail
2104,Ke Zunhong & family,1.6,70,China,Pharmaceuticals,Healthcare
2105,Artem Khachatryan,1.6,50,Russia,Retail,Fashion & Retail
2106,Sidney Kimmel,1.6,97,United States,Retail,Fashion & Retail
2107,Christiane Knauf,1.6,53,Germany,Building materials,Manufacturing
2108,Christine Knauf,1.6,69,Germany,Building materials,Construction & Engineering
2109,Karl Knauf,1.6,,Germany,Building materials,Manufacturing
2110,Eduard Kucera,1.6,72,Czech Republic,Software,Technology
2111,Raj Kumar,1.6,70,Singapore,"Real estate, hotels",Real Estate
2112,Manuel Lao Hernández & family,1.6,80,Spain,Casinos,Gambling & Casinos
2113,Lee Su-jin,1.6,47,South Korea,Hospitality,Technology
2114,Liang Yunchao,1.6,56,China,Nutritional supplements,Food & Beverage
2115,Lillian Teh Li Ming,1.6,,Malaysia,Banking,Finance & Investments
2116,Lillyn Teh Li Hua,1.6,,Malaysia,Finance,Finance & Investments
2117,Peter Lim,1.6,71,Singapore,Investments,Finance & Investments
2118,Lin Fanlian,1.6,63,China,"Energy, real estate",Energy
2119,Liu Gexin & family,1.6,73,China,Pharmaceuticals,Healthcare
2120,Melissa Ma,1.6,55,China,Internet search,Technology
2121,Terence (Terry) Matthews,1.6,82,Canada,Telecom,Telecom
2122,Jim McKelvey,1.6,59,United States,Mobile payments,Technology
2123,Meng Qingshan & family,1.6,76,China,Chemicals,Manufacturing
2124,Romano Minozzi,1.6,90,Italy,"Utilities, diversified",Diversified
2125,Nan Cunhui,1.6,61,China,Power equipment,Manufacturing
2126,Gretel Packer,1.6,59,Australia,Investments,Finance & Investments
2127,Nelson Peltz,1.6,82,United States,Investments,Finance & Investments
2128,David Peñaloza Alanís,1.6,51,Mexico,Toll roads,Construction & Engineering
2129,Ronald Perelman,1.6,82,United States,Leveraged buyouts,Finance & Investments
2130,Tom Persson,1.6,40,Sweden,H&M,Fashion & Retail
2131,Nicholas Pritzker,1.6,81,United States,"Hotels, investments",Finance & Investments
2132,Ren Jianhua,1.6,68,China,Kitchen appliances,Manufacturing
2133,Mike Repole,1.6,57,United States,Sports drink,Food & Beverage
2134,Kishin RK,1.6,41,Singapore,"Real estate, hotels",Real Estate
2135,Ruan Shuilong & family,1.6,89,China,Chemicals,Manufacturing
2136,Vinod Saraf,1.6,72,India,Chemicals,Manufacturing
2137,Ivan Savvidis & family,1.6,66,Russia,Agribusiness,Diversified
2138,Paul Sciarra,1.6,44,United States,Pinterest,Technology
2139,Anas Sefrioui & family,1.6,67,Morocco,Real estate,Real Estate
2140,Evgeny (Eugene) Shvidler,1.6,61,United States,"Metals, investments",Metals & Mining
2141,Ron Sim,1.6,66,Singapore,Retail,Fashion & Retail
2142,Leonid Simanovsky,1.6,75,Russia,Investments,Finance & Investments
2143,Charlotte Soderstrom,1.6,48,Sweden,H&M,Fashion & Retail
2144,Dean Solon,1.6,60,United States,Solar systems,Energy
2145,Joseph Steinberg,1.6,81,United States,Investments,Finance & Investments
2146,Hal Steinbrenner,1.6,56,United States,Sports,Sports
2147,Jessica Steinbrenner,1.6,61,United States,Sports,Sports
2148,Jennifer Steinbrenner Swindal,1.6,65,United States,Sports,Sports
2149,Petter Stordalen & family,1.6,62,Norway,Hotels,Service
2150,JB Straubel,1.6,49,United States,Tesla,Automotive
2151,Taylor Swift,1.6,35,United States,Music,Media & Entertainment
2152,Andrew Tan,1.6,73,Philippines,Diversified,Diversified
2153,Min-Liang Tan,1.6,47,Singapore,Gaming hardware,Media & Entertainment
2154,Laurie Tisch,1.6,74,United States,"Loews, New York Giants",Diversified
2155,Steven Tisch,1.6,76,United States,"Loews, New York Giants",Diversified
2156,John Van Lieshout,1.6,79,Australia,Real estate,Real Estate
2157,Pacal Vanhalst & family,1.6,55,Belgium,Industrial and agricultural equipment parts,Finance & Investments
2158,Sandro Veronesi & family,1.6,65,Italy,Fashion,Fashion & Retail
2159,Weng Xianding,1.6,63,China,Medical devices,Healthcare
2160,William Teh Lee Pang,1.6,,Malaysia,Banking,Finance & Investments
2161,Alan Wilson,1.6,84,Australia,Retailing,Fashion & Retail
2162,Bruce Wilson,1.6,78,Australia,Retailing,Fashion & Retail
2163,John Wilson,1.6,87,Australia,Retailing,Fashion & Retail
2164,Eugene Wu,1.6,79,Taiwan,Finance,Finance & Investments
2165,Wu Zhigang & family,1.6,90,China,Bakery chain,Food & Beverage
2166,Xiang Guangming & family,1.6,61,China,Waste disposal,Manufacturing
2167,Xu Shaochun,1.6,62,China,Software,Technology
2168,George Yancopoulos,1.6,65,United States,Pharmaceuticals,Healthcare
2169,Yang Qiumei,1.6,60,Hong Kong,Software,Technology
2170,Ye Xiaoping,1.6,62,China,Pharmaceuticals,Healthcare
2171,Yeh Kuo-I,1.6,83,Taiwan,Manufacturing,Manufacturing
2172,Yoshiaki Yoshida,1.6,84,Japan,Cosmetics,Fashion & Retail
2173,Yuan Zhongxue,1.6,69,China,Tires,Manufacturing
2174,Michelle Zatlyn,1.6,45,Canada,Cybersecurity,Technology
2175,Zhang Shilong & family,1.6,59,China,Semiconductor,Technology
2176,Zhou Jian,1.6,48,China,Robotics,Technology
2177,Nir Zuk,1.6,54,United States,Software,Technology
2178,Chang Chung-Hsing,1.6,63,Taiwan,High-precision gearboxes,Manufacturing
2179,Shivratan Agarwal,1.5,73,India,Indian snacks,Food & Beverage
2180,Aziz Akhannouch & family,1.5,64,Morocco,"Petroleum, diversified",Diversified
2181,Dmitry Alexeyev,1.5,50,Russia,Retail,Fashion & Retail
2182,Sam Altman,1.5,39,United States,Investments,Finance & Investments
2183,Patricia Angelini Rossi,1.5,70,Chile,"Forestry, mining",Diversified
2184,Jose Maria Aristrain,1.5,62,Spain,Steel,Metals & Mining
2185,John Armitage,1.5,65,Ireland,Hedge funds,Finance & Investments
2186,Akshay Arora,1.5,61,India,Specialty pharmaceuticals,Healthcare
2187,Stéphane Bancel,1.5,52,France,"Biotech, vaccines",Healthcare
2188,John Bloor,1.5,81,United Kingdom,"Real estate, manufacturing",Diversified
2189,Oleg Boyko,1.5,60,Russia,Diversified,Diversified
2190,Ahmet Calik,1.5,67,Turkey,"Energy, banking, construction",Diversified
2191,Cao Yuhua & family,1.5,70,China,Auto parts,Automotive
2192,David Chen,1.5,44,Singapore,"Online gaming, e-commerce",Media & Entertainment
2193,Alberto Coppel Luken,1.5,73,Mexico,Diversified,Fashion & Retail
2194,José Coppel Luken,1.5,66,Mexico,Diversified,Fashion & Retail
2195,Eduardo Costantini,1.5,78,Argentina,Real estate,Real Estate
2196,Sasson Dayan & family,1.5,85,Brazil,Banking,Finance & Investments
2197,Ana Lucia de Mattos Barretto Villela,1.5,51,Brazil,Banking,Finance & Investments
2198,Timothy Dunn & family,1.5,69,United States,Energy,Energy
2199,Andy Fang,1.5,32,United States,Food delivery app,Technology
2200,Fang Hongbo,1.5,58,China,Home appliances,Manufacturing
2201,Nikolay Fartushnyak,1.5,59,Russia,Retail,Fashion & Retail
2202,Doris Fisher,1.5,93,United States,Gap,Fashion & Retail
2203,Christina Flügel,1.5,49,Germany,Liquor,Food & Beverage
2204,Geng Diangen,1.5,68,China,Internet,Technology
2205,Alan Gerry,1.5,96,United States,Cable television,Media & Entertainment
2206,Dan Gertler,1.5,51,Israel,Mining,Metals & Mining
2207,Premchand Godha,1.5,78,India,Pharmaceuticals,Healthcare
2208,Artur Grynbaum,1.5,56,Brazil,Cosmetics,Fashion & Retail
2209,Peter Guber,1.5,83,United States,"Sports teams, movies",Sports
2210,He Zhaoxi,1.5,51,China,Software,Technology
2211,Eric Hémar,1.5,61,France,Logistics,Logistics
2212,Huang Xiaofen & family,1.5,63,China,Printed circuit boards,Technology
2213,Huang Xu,1.5,57,China,Semiconductors,Technology
2214,Ursula Hutter-Schleicher,1.5,67,Germany,"Cement, copper",Manufacturing
2215,Jared Isaacman,1.5,42,United States,Payment processing,Technology
2216,Junro Ito,1.5,66,Japan,Retail,Fashion & Retail
2217,Yasuhisa Ito,1.5,,Japan,Retail,Fashion & Retail
2218,Stephen Jarislowsky,1.5,99,Canada,Money management,Finance & Investments
2219,Jiang Yintai & family,1.5,74,China,Auto parts,Automotive
2220,Jin Lei & family,1.5,70,China,Medical equipment,Healthcare
2221,Magic Johnson,1.5,65,United States,"Basketball, investments",Diversified
2222,Dmitry Kamenshchik,1.5,56,Russia,Airport,Service
2223,Bahari Karim,1.5,63,Indonesia,Palm oil,Manufacturing
2224,Burhan Karim,1.5,65,Indonesia,Palm oil,Manufacturing
2225,Ke Xiping & family,1.5,64,China,Investments,Diversified
2226,Brad Kelley,1.5,68,United States,Tobacco,Real Estate
2227,Randal J. Kirk,1.5,71,United States,Pharmaceuticals,Healthcare
2228,Kwek Leng Keow,1.5,73,Singapore,Diversified,Diversified
2229,Kwek Leng Peck,1.5,69,Singapore,Diversified,Diversified
2230,Christopher Kwok,1.5,39,Hong Kong,Real estate,Real Estate
2231,Edward Kwok,1.5,44,Hong Kong,Real estate,Real Estate
2232,Lai Jianping,1.5,,China,Soy sauce,Food & Beverage
2233,Joe Lau,1.5,35,United States,Blockchain technology,Technology
2234,Lei Jufang,1.5,72,China,Pharmaceuticals,Healthcare
2235,Max Levchin,1.5,49,United States,Fintech,Finance & Investments
2236,Art Levinson,1.5,75,United States,"Genentech, Apple",Diversified
2237,Li Jianli,1.5,52,China,Battery parts,Manufacturing
2238,Luo Yangyong & family,1.5,49,China,Mining,Metals & Mining
2239,Bernard Lewis & family,1.5,99,United Kingdom,Fashion retailer,Fashion & Retail
2240,Lyu Yixiong,1.5,62,China,Cosmetics,Fashion & Retail
2241,Yusaku Maezawa,1.5,49,Japan,Online retail,Technology
2242,Deepak Mehta,1.5,68,India,Chemicals,Manufacturing
2243,Rubens Menin Teixeira de Souza,1.5,69,Brazil,"Home building, banking",Diversified
2244,Dariusz Milek,1.5,57,Poland,"Real estate, retail",Fashion & Retail
2245,John Morgan,1.5,69,United States,Personal injury law,Service
2246,Robert Mouawad,1.5,80,Lebanon,Fine jewelry,Service
2247,Jannie Mouton & family,1.5,78,South Africa,Financial services,Finance & Investments
2248,Pawan Munjal,1.5,70,India,Motorcycles,Automotive
2249,Julia Oetker,1.5,46,Germany,Consumer goods,Fashion & Retail
2250,Rubens Ometto Silveira Mello,1.5,75,Brazil,"Sugar, ethanol",Energy
2251,Femi Otedola,1.5,62,Nigeria,Energy and utilities,Energy
2252,John Oyler,1.5,56,United States,Biotech,Healthcare
2253,Benjamin Zhengmin Pan & family,1.5,55,China,Electronics,Technology
2254,Pan Laican,1.5,,China,Soy sauce,Food & Beverage
2255,Catherine Phillips,1.5,73,Canada,Investments,Finance & Investments
2256,John Phillips,1.5,74,Canada,Investments,Finance & Investments
2257,G.V. Prasad,1.5,64,India,Pharmaceuticals,Healthcare
2258,Heloise Pratt,1.5,62,Australia,"Manufacturing, investment",Manufacturing
2259,Liesel Pritzker Simmons,1.5,41,United States,"Hotels, investments",Diversified
2260,Qin Long,1.5,59,China,Tires,Manufacturing
2261,Jimmy Rane,1.5,78,United States,Lumber,Manufacturing
2262,Krit Ratanarak,1.5,78,Thailand,"Media, real estate",Media & Entertainment
2263,Satish Reddy,1.5,57,India,Pharmaceuticals,Healthcare
2264,Ren Jinsheng & family,1.5,62,China,Pharmaceuticals,Healthcare
2265,Hartley Rogers,1.5,65,United States,Asset management,Finance & Investments
2266,Deniz Sahenk,1.5,79,Turkey,Diversified,Diversified
2267,Carlos Sanchez,1.5,63,Brazil,Generic drugs,Healthcare
2268,Eduard Schleicher,1.5,69,Germany,"Cement, copper",Manufacturing
2269,Gerald Schwartz,1.5,83,Canada,Finance,Finance & Investments
2270,Ronnie Screwvala,1.5,68,India,"Edtech, entertainment",Media & Entertainment
2271,She Yingjie,1.5,67,Hong Kong,Printed circuit boards,Manufacturing
2272,Michael Teel,1.5,73,United States,Supermarkets,Fashion & Retail
2273,Teo Swee Ann,1.5,49,Singapore,Semiconductors,Technology
2274,Hans Thomann,1.5,62,Germany,Music retail,Fashion & Retail
2275,Carmen Thyssen,1.5,81,Spain,"Investments, art",Manufacturing
2276,Tian Ming,1.5,71,China,Measuring instruments,Technology
2277,James Tisch,1.5,72,United States,Loews,Diversified
2278,Torsten Toeller,1.5,58,Germany,Pet food,Fashion & Retail
2279,Nikil Viswanathan,1.5,37,United States,Blockchain technology,Technology
2280,Eduardo Voigt Schwartz,1.5,35,Brazil,Industrial machinery,Manufacturing
2281,Mariana Voigt Schwartz Gomes,1.5,39,Brazil,Industrial machinery,Manufacturing
2282,Thomas von Koch,1.5,59,Sweden,Asset management,Finance & Investments
2283,Wang Chou-hsiong,1.5,84,Taiwan,Footwear,Manufacturing
2284,Drorit Wertheim,1.5,69,Israel,Coca-Cola Israel,Food & Beverage
2285,Christoffel Wiese,1.5,83,South Africa,Retail,Fashion & Retail
2286,Stephen Winn,1.5,78,United States,Real estate services,Real Estate
2287,Horst Wortmann & family,1.5,83,Germany,Footwear,Fashion & Retail
2288,Wu Lanlan & family,1.5,51,China,Packaging,Manufacturing
2289,Wu Yulan,1.5,55,China,Pharmaceuticals,Healthcare
2290,Xu Zhenhua,1.5,46,China,Online games,Media & Entertainment
2291,Hisako Yamamoto,1.5,,Japan,Retail,Fashion & Retail
2292,Yang Ying & family,1.5,62,China,Pharmaceuticals,Healthcare
2293,Yi Dasheng,1.5,64,China,Conglomerate,Diversified
2294,Justin Yuan,1.5,44,China,Online games,Media & Entertainment
2295,Patrick Zalupski,1.5,44,United States,Homebuilding,Real Estate
2296,Zhang Tianyu,1.5,57,China,Telecommunications,Telecom
2297,Zhang Xiaojuan,1.5,55,China,Logistics,Logistics
2298,Zhou Yahui,1.5,48,China,Online games,Media & Entertainment
2299,Zhuo Jun,1.5,59,Hong Kong,Printed circuit boards,Manufacturing
2300,Brannin McBee,1.5,40,United States,Technology,Technology
2301,Olivia Holding,1.5,60,United States,Banking,Finance & Investments
2302,Antti Aarnio-Wihuri,1.4,85,Finland,Diversified,Diversified
2303,Brett Adcock,1.4,38,United States,Robots,Technology
2304,Radhe Shyam Agarwal,1.4,80,India,Consumer goods,Fashion & Retail
2305,Waleed bin Ibrahim Al Ibrahim,1.4,64,Saudi Arabia,Broadcasting,Media & Entertainment
2306,Alberto Alcocer,1.4,82,Spain,Investments,Finance & Investments
2307,Mori Arkin,1.4,72,Israel,Pharmaceuticals,Healthcare
2308,Ziv Aviram,1.4,66,Israel,Automotive technology,Automotive
2309,Tope Awotona,1.4,43,United States,Software,Technology
2310,Mehmet Ali Aydinlar,1.4,68,Turkey,Hospitals,Healthcare
2311,Binny Bansal,1.4,42,India,Flipkart,Technology
2312,Barbara Berlusconi,1.4,40,Italy,Media,Media & Entertainment
2313,Eleonora Berlusconi,1.4,38,Italy,Media,Media & Entertainment
2314,Luigi Berlusconi,1.4,36,Italy,Media,Media & Entertainment
2315,Vladimir Bogdanov,1.4,73,Russia,Oil,Energy
2316,Anna Maria Braun,1.4,46,Germany,Medical technology,Healthcare
2317,Johanna Braun,1.4,45,Germany,Medical technology,Healthcare
2318,Karl Friedrich Braun,1.4,42,Germany,Medical technology,Healthcare
2319,Ludwig Theodor Braun,1.4,35,Germany,Medical technology,Healthcare
2320,Saket Burman,1.4,48,United Kingdom,Consumer goods,Food & Beverage
2321,Chang Jing,1.4,42,China,Technology,Technology
2322,Chen Kaichen,1.4,69,China,Household chemicals,Manufacturing
2323,Lucio Co,1.4,70,Philippines,Retail,Fashion & Retail
2324,Agustín Coppel Luken,1.4,63,Mexico,Diversified,Fashion & Retail
2325,Alberto Cortina,1.4,79,Spain,Investments,Finance & Investments
2326,Mike Danson,1.4,62,United Kingdom,Data services,Finance & Investments
2327,Diego Della Valle,1.4,71,Italy,Shoes,Fashion & Retail
2328,Daniel Dines,1.4,53,Romania,Software,Technology
2329,Dong Zengping,1.4,55,China,Electronics,Manufacturing
2330,Viren Doshi,1.4,56,India,Solar modules,Energy
2331,Philip Fayer,1.4,47,Canada,Fintech,Technology
2332,Zsolt Felcsuti,1.4,53,Hungary,Manufacturing,Manufacturing
2333,Gan Zhongru,1.4,76,China,Pharmaceuticals,Healthcare
2334,Ryan Graves,1.4,41,United States,Uber,Technology
2335,Gu Wei,1.4,60,China,Consumer electronics,Manufacturing
2336,Saroj Rani Gupta,1.4,74,India,Steel tubes,Manufacturing
2337,Ayman Hariri,1.4,46,Lebanon,"Construction, investments",Construction & Engineering
2338,Heikki Herlin,1.4,38,Finland,"Elevators, escalators",Manufacturing
2339,Huang Shanbing & family,1.4,68,China,Semiconductors,Technology
2340,Cristina Junqueira,1.4,42,Brazil,Fintech,Finance & Investments
2341,Fumio Kaneko,1.4,68,Japan,Waste management,Service
2342,Keeree Kanjanapas,1.4,74,Thailand,Transportation,Automotive
2343,Arsen Kanokov,1.4,68,Russia,Real estate,Real Estate
2344,Onkar Kanwar,1.4,82,India,Tires,Automotive
2345,Shirley Kao,1.4,68,Taiwan,Food & beverage retailing,Food & Beverage
2346,Kazim Turker,1.4,71,Turkey,"Energy, diversified",Energy
2347,Brad Keywell,1.4,55,United States,"Software, investments",Technology
2348,Lalit Khaitan,1.4,81,India,Alcohol,Food & Beverage
2349,Koo Kwang-mo,1.4,47,South Korea,LG,Diversified
2350,Lai Jianfa,1.4,55,China,Express delivery,Logistics
2351,Arvind Lal,1.4,75,India,Medical diagnostics,Healthcare
2352,Lau Cho Kun,1.4,89,Malaysia,"Palm oil, property",Diversified
2353,Lee Hae-jin,1.4,57,South Korea,Internet,Technology
2354,Li Jiaquan,1.4,61,China,Chemicals,Manufacturing
2355,Li Qiong,1.4,47,China,Online games,Media & Entertainment
2356,Li Weiguo,1.4,60,China,Construction materials,Manufacturing
2357,Li Xuhui,1.4,56,China,Soy sauce,Food & Beverage
2358,Liang Qin & family,1.4,53,China,Semiconductor devices,Technology
2359,Lim Chai Hock,1.4,65,Malaysia,Coal,Energy
2360,Lin Chang Su-O,1.4,84,Taiwan,Real estate,Real Estate
2361,Harald Link,1.4,70,Thailand,Diversified,Diversified
2362,Vincent Lo,1.4,77,Hong Kong,Real estate,Real Estate
2363,Aloke Lohia,1.4,66,India,Petrochemicals,Manufacturing
2364,Jeffrey Lorberbaum,1.4,70,United States,Flooring,Manufacturing
2365,Brandt Louie,1.4,81,Canada,Drugstores,Food & Beverage
2366,Frederic Luddy,1.4,70,United States,Software,Technology
2367,Donald Mackenzie,1.4,68,United Kingdom,Private equity,Finance & Investments
2368,Cargill MacMillan III,1.4,65,United States,Cargill,Food & Beverage
2369,John MacMillan,1.4,75,United States,Cargill,Food & Beverage
2370,Martha MacMillan,1.4,73,United States,Cargill,Food & Beverage
2371,William MacMillan,1.4,70,United States,Cargill,Food & Beverage
2372,Gary Magness,1.4,71,United States,"Cable TV, investments",Media & Entertainment
2373,Samir Mane,1.4,57,Albania,Diversified,Diversified
2374,Roy Mann,1.4,46,Israel,Software,Technology
2375,Youssef Mansour,1.4,79,Egypt,Diversified,Diversified
2376,Frank McCourt,1.4,71,United States,Baseball,Sports
2377,Shalom Meckenzie & family,1.4,48,Israel,Sports betting,Gambling & Casinos
2378,Laurans Mendelson,1.4,86,United States,Aerospace,Construction & Engineering
2379,Mario Moretti Polegato & family,1.4,72,Italy,Shoes,Fashion & Retail
2380,Renu Munjal,1.4,70,India,Motorcycles,Automotive
2381,Suman Munjal,1.4,72,India,Motorcycles,Automotive
2382,Marius Nacht,1.4,59,Israel,Software,Technology
2383,Nie Tengyun & family,1.4,49,China,Logistics,Service
2384,Dmitry Nikolaev,1.4,58,Russia,Coal,Energy
2385,Motilal Oswal,1.4,62,India,Financial services,Finance & Investments
2386,Tyler Perry,1.4,55,United States,"Movies, television",Media & Entertainment
2387,Mark Pincus,1.4,59,United States,Online games,Technology
2388,Sam Pollock,1.4,58,Canada,Private equity,Finance & Investments
2389,Manoj Punjabi,1.4,52,Indonesia,Movies,Media & Entertainment
2390,Elly Reisman,1.4,75,Canada,Homebuilding,Real Estate
2391,Helena Revoredo & family,1.4,78,Spain,Security services,Service
2392,Francisco Jose Riberas Mera,1.4,60,Spain,"Steel, auto parts",Manufacturing
2393,Juan Maria Riberas Mera,1.4,56,Spain,"Steel, investments",Metals & Mining
2394,Rihanna,1.4,37,Barbados,"Music, cosmetics",Fashion & Retail
2395,Alessandro Rosano,1.4,,Italy,Shoes,Fashion & Retail
2396,Nobutada Saji,1.4,79,Japan,Beverages,Foo
2397,Hajime Satomi,1.4,83,Japan,"Video games, pachinko",Gambling & Casinos
2398,Eric Ya Shen,1.4,54,China,Online apparel retail,Technology
2399,Rajju Shroff,1.4,91,India,Agrochemicals,Manufacturing
2400,Denis Shtengelov,1.4,52,Russia,"Food, retail",Food & Beverage
2401,Sytse Sid Sijbrandij,1.4,45,Netherlands,Software,Technology
2402,Jared Smith,1.4,50,United States,Cloud computing,Technology
2403,Song Fei,1.4,58,China,Machinery,Manufacturing
2404,Mike Speiser,1.4,54,United States,Software,Technology
2405,Christopher Stolte,1.4,52,United States,Software,Technology
2406,Su Suyu & family,1.4,76,China,"Utilities, real estate",Real Estate
2407,Sun Huaiqing & family,1.4,55,China,Cosmetics,Fashion & Retail
2408,Sze Man Bok,1.4,75,China,Hygiene products,Manufacturing
2409,Kenzo Tsujimoto,1.4,84,Japan,Video games,Media & Entertainment
2410,Tibor Veres,1.4,63,Hungary,"Real estate, investments",Diversified
2411,Andrii Verevskyi,1.4,50,Ukraine,Agriculture,Food & Beverage
2412,Wang Yunan,1.4,39,China,Milk tea,Food & Beverage
2413,Allan Wong,1.4,75,Hong Kong,Electronics,Manufacturing
2414,Tiger Woods,1.4,49,United States,Golf,Sports
2415,Wu Bo,1.4,70,China,Machinery,Manufacturing
2416,Wu Chung-yi,1.4,69,Taiwan,Manufacturing,Manufacturing
2417,Xiao Hongxing,1.4,58,China,Manufacturing,Manufacturing
2418,Xie Juhua & family,1.4,74,China,Pharmaceuticals,Healthcare
2419,Swift Xie,1.4,45,China,Drones,Technology
2420,Xu Xudong & family,1.4,55,China,Auto parts,Automotive
2421,Yao Kuizhang,1.4,60,China,Beverages,Food & Beverage
2422,Yu Qibing & family,1.4,59,China,Glass,Manufacturing
2423,Zeng Chaoyi,1.4,56,China,Aluminum products,Manufacturing
2424,Sergey Shishkarev,1.4,57,Russia,Transport,Logistics
2425,Miguel Tomás Arrufat Pujol,1.3,63,Spain,Education technology,Technology
2426,Roman Avdeev,1.3,57,Russia,"Banking, development",Finance & Investments
2427,Thomas Bailey,1.3,88,United States,Money management,Finance & Investments
2428,Elena Baturina,1.3,62,Russia,"Investments, real estate",Construction & Engineering
2429,Karen Virginia Beckmann Legoretta,1.3,55,Mexico,Tequila,Food & Beverage
2430,Stephane Bonvin,1.3,58,Switzerland,Real estate,Real Estate
2431,Josef Boquoi & family,1.3,91,Germany,Frozen foods,Food & Beverage
2432,Claire Bristow,1.3,58,United States,Banking,Finance & Investments
2433,Amit Burman,1.3,55,India,Consumer goods,Food & Beverage
2434,Christian Chabot,1.3,53,United States,Software,Technology
2435,Chen Ailian & family,1.3,67,China,Wheel production,Manufacturing
2436,Chen Qingzhou & family,1.3,59,China,Communications equipment,Telecom
2437,Chen Xueli,1.3,73,China,Pharmaceuticals,Healthcare
2438,Kochouseph Chittilappilly,1.3,74,India,Electrical appliances,Manufacturing
2439,Susan Co,1.3,67,Philippines,Retail,Fashion & Retail
2440,Darwin Deason,1.3,84,United States,Software,Service
2441,Pavel Demidov & family,1.3,56,Russia,Agriculture,Food & Beverage
2442,Richard Desmond,1.3,73,United Kingdom,Publishing,Media & Entertainment
2443,Bulent Eczacibasi,1.3,75,Turkey,"Pharmaceuticals, diversified",Diversified
2444,Keiko Erikawa,1.3,76,Japan,Video games,Media & Entertainment
2445,Yoichi Erikawa,1.3,74,Japan,Video games,Media & Entertainment
2446,Jose Roberto Ermirio de Moraes,1.3,67,Brazil,Diversified,Diversified
2447,Jose Ermirio de Moraes Neto,1.3,72,Brazil,Diversified,Diversified
2448,Richard Fairbank,1.3,74,United States,Banking,Finance & Investments
2449,David Fattal & family,1.3,67,Israel,Hotels,Service
2450,Daniel Feffer,1.3,65,Brazil,Pulp and paper,Manufacturing
2451,David Feffer,1.3,68,Brazil,Pulp and paper,Manufacturing
2452,Gleb Fetisov,1.3,58,Russia,Investments,Telecom
2453,Paul Fireman,1.3,81,United States,Reebok,Fashion & Retail
2454,Ben Francis,1.3,32,United Kingdom,Fitness clothing,Fashion & Retail
2455,Gao Xingjiang,1.3,61,China,Steel,Manufacturing
2456,Deepinder Goyal,1.3,42,India,Food delivery service,Service
2457,Anil Gupta,1.3,65,India,Cables,Manufacturing
2458,Stelios Haji-Ioannou,1.3,58,Cyprus,EasyJet,Service
2459,Hao Hong,1.3,69,United States,Pharmaceuticals,Healthcare
2460,Huang Chulong,1.3,66,Canada,Real estate,Real Estate
2461,Hui Lin Chit,1.3,71,China,Hygiene products,Manufacturing
2462,Mohammed Ibrahim,1.3,78,United Kingdom,Communications,Telecom
2463,Alexander Isaev,1.3,49,Russia,Mining,Energy
2464,Girdhari Jaisinghani,1.3,80,India,Cables & wires,Manufacturing
2465,James Jannard,1.3,75,United States,Sunglasses,Fashion & Retail
2466,LeBron James,1.3,40,United States,Basketball,Sports
2467,Subbamma Jasti,1.3,91,India,Pharmaceuticals,Healthcare
2468,Jin Lei,1.3,59,China,Pharmaceuticals,Healthcare
2469,Yuri Karptsov,1.3,61,Russia,Retail,Fashion & Retail
2470,Richard Kayne,1.3,79,United States,Investments,Finance & Investments
2471,Peter Kelly,1.3,67,United Kingdom,I.T.,Technology
2472,Habil Khorakiwala,1.3,82,India,Pharmaceuticals,Healthcare
2473,Igor Khudokormov,1.3,56,Russia,Agriculture,Food & Beverage
2474,Joe Kiani,1.3,60,United States,Medical devices,Healthcare
2475,Kim Jung-min,1.3,23,South Korea,Online gaming,Media & Entertainment
2476,Kim Jung-youn,1.3,21,South Korea,Online gaming,Media & Entertainment
2477,Seth Klarman,1.3,67,United States,Investments,Finance & Investments
2478,Jim Koch,1.3,75,United States,Beer,Food & Beverage
2479,Lyudmila Kogan,1.3,59,Russia,Banking,Finance & Investments
2480,Andrei Komarov & family,1.3,58,Russia,Investments,Manufacturing
2481,Andrei Kosogov,1.3,64,Russia,Banking,Energy
2482,Michael Krasny,1.3,71,United States,Retail,Technology
2483,Lev Kvetnoi,1.3,59,Russia,Cement,Finance & Investments
2484,Aerin Lauder,1.3,54,United States,Estée Lauder,Fashion & Retail
2485,William Lauder,1.3,64,United States,Estée Lauder,Fashion & Retail
2486,Gene Lee,1.3,34,United States,Fintech,Finance & Investments
2487,Lauren Leichtman,1.3,75,United States,Private equity,Finance & Investments
2488,Arthur Levine,1.3,73,United States,Private equity,Finance & Investments
2489,Li Guoqiang,1.3,61,China,Auto dealerships,Automotive
2490,Li Weiwei,1.3,48,China,Online games,Technology
2491,Lin Dingqiang & family,1.3,58,Hong Kong,Real estate,Real Estate
2492,Alexander Linnik,1.3,57,Russia,Agriculture,Food & Beverage
2493,Victor Linnik,1.3,57,Russia,Agriculture,Food & Beverage
2494,Liu Chengyu & family,1.3,62,China,Power supply equipment,Manufacturing
2495,Liu Fangyi,1.3,55,China,Medical equipment,Healthcare
2496,Lu Yiwen,1.3,37,China,Jewelry,Fashion & Retail
2497,Alexander Mamut & family,1.3,65,Russia,Investments,Finance & Investments
2498,Charlwin Mao,1.3,40,China,E-commerce,Fashion & Retail
2499,Vladimir Melnikov,1.3,77,Russia,Fast fashion,Fashion & Retail
2500,Alexander Mikhalskiy,1.3,65,Russia,Retail,Fashion & Retail
2501,Andrei Molchanov,1.3,53,Russia,Construction materials,Construction & Engineering
2502,Martin Moller Nielsen,1.3,60,Denmark,Aircraft leasing,Logistics
2503,Ulrich Mommert & family,1.3,84,Austria,Lighting,Automotive
2504,Neide Helena de Moraes,1.3,70,Brazil,Diversified,Diversified
2505,Mofatraj Munot,1.3,80,India,Real estate,Real Estate
2506,Evangelos Mytilineos,1.3,71,Greece,Energy, metals
2507,Jahm Najafi,1.3,62,United States,Investments,Finance & Investments
2508,Boris Nuraliev,1.3,66,Russia,Software,Technology
2509,Adrian Paval,1.3,56,Romania,Retail,Fashion & Retail
2510,Markus Persson,1.3,45,Sweden,Computer games,Media & Entertainment
2511,Qi Xiangdong,1.3,54,China,Software,Technology
2512,Miranda Qu,1.3,40,China,E-commerce,Fashion & Retail
2513,Vera Rechulski Santo Domingo,1.3,76,Brazil,Beer,Food & Beverage
2514,Boris Rotenberg,1.3,68,Russia,Construction, pipes
2515,Jordi Rubiralta,1.3,51,Spain,Diagnostics,Healthcare
2516,Jose Luis Rubiralta,1.3,50,Spain,Diagnostics,Healthcare
2517,Marc Rubiralta,1.3,41,Spain,Diagnostics,Healthcare
2518,Xavier Rubiralta,1.3,45,Spain,Diagnostics,Healthcare
2519,Per Sandberg,1.3,63,Sweden,Pharmaceuticals,Healthcare
2520,Alexander Savelyev & family,1.3,71,Russia,Banking,Finance & Investments
2521,Steven Schuurman,1.3,49,Netherlands,Software,Technology
2522,Ron Shaich,1.3,71,United States,Restaurants,Food & Beverage
2523,Shao Genhuo,1.3,59,China,Agribusiness,Food & Beverage
2524,Michael Spencer,1.3,69,United Kingdom,Stock exchange,Finance & Investments
2525,Jeff Sprecher,1.3,70,United States,Stock exchanges,Finance & Investments
2526,Michael Steinhardt,1.3,84,United States,Hedge funds,Finance & Investments
2527,Ivan Streshinsky,1.3,55,Russia,Metals, telecom
2528,Su Qingcan,1.3,56,China,Healthcare,Healthcare
2529,Sun Guangxin,1.3,62,China,Diversified,Diversified
2530,Anand Surana,1.3,54,India,Pharmaceuticals,Healthcare
2531,Dilip Surana,1.3,59,India,Pharmaceuticals,Healthcare
2532,Tan Yu Yeh,1.3,54,Malaysia,Retail,Fashion & Retail
2533,Tony Tan Caktiong,1.3,72,Philippines,Food,Food & Beverage
2534,Tang Aoqi & family,1.3,79,China,Auto parts,Automotive
2535,Tang Jinkui & family,1.3,69,China,Textiles, petrochemicals
2536,Andrew Tisch,1.3,75,United States,Loews,Diversified
2537,Naresh Trehan,1.3,78,India,Hospitals,Healthcare
2538,Yasuhide Uno,1.3,61,Japan,Payment services,Technology
2539,Manoj Upadhyay,1.3,54,India,Solar energy,Energy
2540,Surin Upatkoon,1.3,75,Thailand,Telecom, lotteries
2541,Patrizio Vinciarelli,1.3,78,United States,Electronic components,Technology
2542,Vladimir Voronin,1.3,49,Russia,Real estate,Construction & Engineering
2543,Shigefumi Wada,1.3,72,Japan,Software,Technology
2544,Myron Wentz,1.3,84,St. Kitts and Nevis,Health products,Fashion & Retail
2545,Wu Xushun & family,1.3,76,China,Internet,Diversified
2546,Wu Zhongyi,1.3,51,China,Electronics,Technology
2547,Xiong Wu,1.3,49,China,Software,Technology
2548,Yang Xuegang,1.3,60,China,Coking,Manufacturing
2549,Yang Yuanqing,1.3,60,China,Computers,Technology
2550,Yao Hsiao Tung,1.3,85,Singapore,Manufacturing,Manufacturing
2551,Yao Runhao,1.3,37,China,Online games,Media & Entertainment
2552,Luis Enrique Yarur Rey,1.3,74,Chile,Banking,Finance & Investments
2553,Yu Peidi,1.3,65,Hong Kong,Real estate,Real Estate
2554,Christoph Zeller,1.3,67,Liechtenstein,Dental materials,Healthcare
2555,Zeng Kaitian,1.3,50,China,Online games,Technology
2556,Zhang Wenzhong,1.3,63,China,Supermarkets,Fashion & Retail
2557,Zhang Yin,1.3,68,China,Paper manufacturing,Manufacturing
2558,Zhao Hongfei,1.3,50,China,Software,Technology
2559,Peng Zhao,1.3,54,China,Online recruitment,Service
2560,Zhong Ruonong & family,1.3,62,China,Electronics,Manufacturing
2561,Zhou Chengjian,1.3,59,China,Fashion retail,Fashion & Retail
2562,Zhou Zongwen & family,1.3,68,China,Jewelry,Fashion & Retail
2563,Zhu Yiming,1.3,52,China,Semiconductors,Technology
2564,Fredrik Österberg,1.3,54,Sweden,Gambling products,Gambling & Casinos
2565,Prasanna Sankar,1.3,36,India,Software,Technology
2566,Eric Glyman,1.3,34,United States,Fintech,Finance & Investments
2567,Carson Brice,1.3,57,United States,Banking,Finance & Investments
2568,Karim Atiyeh,1.3,35,United States,Fintech,Finance & Investments
2569,Soegiarto Adikoesoemo,1.2,87,Indonesia,Chemicals,Diversified
2570,Noubar Afeyan,1.2,62,United States,Biotech,Healthcare
2571,Khalid Abdul Rahman Saleh Al Rajhi,1.2,53,Saudi Arabia,Banking, investments
2572,Dario Amodei,1.2,42,United States,Artificial intelligence,Technology
2573,Michael Andlauer,1.2,60,Canada,Logistics, sports
2574,Christian Angermayer,1.2,46,Germany,Investments,Finance & Investments
2575,Sachin Bansal,1.2,43,India,Flipkart,Fashion & Retail
2576,Richard Barton,1.2,57,United States,Zillow,Real Estate
2577,Angela Bennett,1.2,81,Australia,Mining,Metals & Mining
2578,Vicente Boluda Fos,1.2,70,Spain,Shipping,Logistics
2579,Delfin Jorge Ezequiel Carballo,1.2,72,Argentina,Banking,Finance & Investments
2580,Chang Kuo-Ming,1.2,67,Taiwan,Transportation,Logistics
2581,Chang Kuo-Wei,1.2,54,Taiwan,Airlines,Logistics
2582,Jean-Marc Chapus,1.2,66,United States,Finance,Finance & Investments
2583,Cheah Cheng Hye,1.2,71,Malaysia,Investments,Finance & Investments
2584,Chen Guodong,1.2,59,China,Gold and jewelry,Fashion & Retail
2585,Rui Chen,1.2,47,China,Online entertainment,Media & Entertainment
2586,Tianqiao Chen,1.2,51,China,Online games,Technology
2587,Tony Chen,1.2,75,Taiwan,Electronics,Technology
2588,Chen Wenyuan & family,1.2,57,China,Testing equipment,Technology
2589,Chu Jian,1.2,62,China,Manufacturing,Manufacturing
2590,Chua Thian Poh,1.2,76,Singapore,Real estate,Real Estate
2591,Chung Mong-joon,1.2,73,South Korea,Shipbuilding, industrial machines
2592,Jack Cogen,1.2,68,United States,Technology,Technology
2593,Benoit Dageville,1.2,58,United States,Software,Technology
2594,Dai Wenyuan & family,1.2,42,China,AI,Technology
2595,Federico De Nora,1.2,57,Italy,Electrodes,Manufacturing
2596,Ashwin Desai,1.2,73,India,Specialty chemicals,Manufacturing
2597,Yigal Dimri,1.2,,Israel,Construction,Construction & Engineering
2598,Mark Dixon,1.2,65,United Kingdom,Office real estate,Real Estate
2599,Mathias Doepfner,1.2,62,Germany,Media,Media & Entertainment
2600,Aydin Dogan,1.2,88,Turkey,Media,Media & Entertainment
2601,Hitesh Doshi,1.2,58,India,Solar panels,Energy
2602,Pankaj Doshi,1.2,62,India,Solar panels,Energy
2603,Zheng Fan,1.2,46,China,Electric vehicles,Automotive
2604,Wirastuty Fangiono,1.2,52,Indonesia,Palm oil,Manufacturing
2605,Jorge Feffer & family,1.2,60,Brazil,Pulp and paper,Manufacturing
2606,Ruben Feffer,1.2,55,Brazil,Pulp and paper,Manufacturing
2607,Andrei Filatov,1.2,53,Russia,Ports, railway transport
2608,Larry Fink,1.2,72,United States,Money management,Finance & Investments
2609,J. Christopher Flowers,1.2,67,United States,Investments,Finance & Investments
2610,William Franke,1.2,87,United States,Low-cost airlines,Diversified
2611,Gary Friedman,1.2,67,United States,Furniture retail,Fashion & Retail
2612,Donald Friese,1.2,84,United States,Manufacturing,Manufacturing
2613,Fu Guangming & family,1.2,71,China,Poultry,Food & Beverage
2614,Michael Gans & family,1.2,61,Luxembourg,Supply chain services,Diversified
2615,Cristina Green,1.2,75,United Kingdom,Fashion retail,Fashion & Retail
2616,Philip Green,1.2,73,United Kingdom,Fashion retail,Fashion & Retail
2617,Sven Hagströmer,1.2,81,Sweden,Financial services,Finance & Investments
2618,Clelia Haji-Ioannou,1.2,54,Cyprus,EasyJet,Service
2619,Polys Haji-Ioannou,1.2,65,Cyprus,EasyJet,Service
2620,Ed Hallen,1.2,43,United States,Marketing software,Technology
2621,Mustafa Hamied,1.2,84,India,Pharmaceuticals,Healthcare
2622,Fahed Hariri,1.2,44,Lebanon,Construction, investments
2623,Timothy Headington,1.2,74,United States,Oil & gas, investments
2624,Karl Hedin,1.2,75,Sweden,Lumber,Construction & Engineering
2625,Brian Hill,1.2,64,Canada,Fashion retailer,Fashion & Retail
2626,Taavet Hinrikus,1.2,42,Estonia,Payments, banking
2627,David Humphreys & family,1.2,68,United States,Residential roofing,Manufacturing
2628,Sarah Humphreys Atkins & family,1.2,67,United States,Residential roofing,Manufacturing
2629,Hiroshi Ishibashi,1.2,78,Japan,Tires,Automotive
2630,Victor Jacobsson,1.2,43,Sweden,Fintech,Finance & Investments
2631,Ankur Jain,1.2,35,United States,Rewards firm,Finance & Investments
2632,Naresh Jain,1.2,90,India,Auto components,Automotive
2633,Yousuf Mohammad Jamjoom,1.2,95,Saudi Arabia,Pharmaceuticals,Healthcare
2634,Jiang Long,1.2,51,China,Manufacturing,Technology
2635,Johan Johannson,1.2,58,Norway,Grocery stores,Fashion & Retail
2636,Harvey Jones,1.2,72,United States,Nvidia,Technology
2637,Mark Jones,1.2,63,United States,Insurance,Finance & Investments
2638,Robyn Jones,1.2,62,United States,Insurance,Finance & Investments
2639,Michele Kang,1.2,65,United States,Healthcare & Technology,Technology
2640,Sunjay Kapur,1.2,53,United States,Auto parts,Automotive
2641,Ke Guihua,1.2,59,China,Auto parts,Manufacturing
2642,Ken Kendrick,1.2,81,United States,Banking, sports team
2643,Martin Klenk,1.2,38,Germany,Enterprise software,Technology
2644,Alexander Knauf,1.2,50,Germany,Building materials,Manufacturing
2645,Robert Knauf & family,1.2,,Germany,Building materials,Manufacturing
2646,Vladimir Krupchak,1.2,67,Cyprus,Manufacturing,Manufacturing
2647,Eiichi Kuriwada,1.2,78,Japan,Package delivery,Logistics
2648,Raymond Kwok,1.2,71,Hong Kong,Real estate,Real Estate
2649,Guy Laliberté,1.2,65,Canada,Cirque du Soleil,Media & Entertainment
2650,Margarita Latsis Catsiapis & family,1.2,63,Greece,Banking, shipping
2651,Paul Lee,1.2,67,United States,Battery separators,Manufacturing
2652,Nancy Lerner,1.2,64,United States,Banking, credit cards
2653,Norma Lerner,1.2,89,United States,Banking,Finance & Investments
2654,Randolph Lerner,1.2,63,United States,Banking, credit cards
2655,Vladimir Leshchikov,1.2,68,Russia,Real estate,Real Estate
2656,Li Jianguo,1.2,60,China,Telecom,Telecom
2657,Li Jinyang,1.2,42,China,Mining,Metals & Mining
2658,Liang Zhaoxian,1.2,60,China,Appliances,Manufacturing
2659,John Lim,1.2,68,Singapore,Real estate,Real Estate
2660,Lim Kaling,1.2,61,Singapore,Gaming hardware,Media & Entertainment
2661,Lin Lairong & family,1.2,56,China,Iron ore mining,Metals & Mining
2662,Liu Xiucai & family,1.2,68,United States,Chemicals,Manufacturing
2663,Christian Louboutin,1.2,62,France,Shoes,Fashion & Retail
2664,Sergey Lomakin,1.2,51,Russia,Retail,Fashion & Retail
2665,Lu Lili,1.2,,China,Financial information,Technology
2666,Lu Zongjun,1.2,61,China,Logistics,Logistics
2667,Yasseen Mansour,1.2,63,Egypt,Diversified,Diversified
2668,Mao Zhongwu,1.2,62,China,Manufacturing,Manufacturing
2669,Strive Masiyiwa,1.2,64,Zimbabwe,Telecom,Telecom
2670,Satish Mehta,1.2,74,India,Pharmaceuticals,Healthcare
2671,Stuart Miller,1.2,67,United States,Homebuilding,Real Estate
2672,Kirill Minovalov,1.2,53,Russia,Agriculture, finance
2673,Nikita Mishin,1.2,53,Russia,Ports, railway transport
2674,Pat Neal,1.2,76,United States,Homebuilding,Real Estate
2675,Edward Netylko,1.2,57,Russia,Pharmacy,Healthcare
2676,Konstantin Nikolaev,1.2,54,Russia,Ports, railway transport
2677,Bastian Nominacher,1.2,40,Germany,Enterprise software,Technology
2678,Vadim Novinsky,1.2,61,Ukraine,Steel,Metals & Mining
2679,Axel Oberwelland & family,1.2,58,Germany,Candy,Food & Beverage
2680,C.C. Paarthipan,1.2,71,India,Pharmaceuticals,Healthcare
2681,Pan Shiyi,1.2,62,China,Real estate,Real Estate
2682,Park Hyeon-joo,1.2,66,South Korea,Mutual funds,Finance & Investments
2683,Antonio Percassi,1.2,71,Italy,Real estate, diversified
2684,Réal Plourde,1.2,74,Canada,Convenience stores,Fashion & Retail
2685,Murdaya Poo,1.2,84,Indonesia,Diversified,Diversified
2686,Forrest Preston,1.2,92,United States,Health care,Healthcare
2687,Qian Jinghong,1.2,52,China,Electric scooters,Automotive
2688,Andrei Rappoport,1.2,61,Russia,Investments,Finance & Investments
2689,Irfan Razack,1.2,71,India,Real estate,Real Estate
2690,Noaman Razack,1.2,67,India,Real estate,Real Estate
2691,Rezwan Razack,1.2,70,India,Real estate,Real Estate
2692,Thomas Sandell,1.2,64,Sweden,Hedge funds,Finance & Investments
2693,Gwynne Shotwell,1.2,61,United States,SpaceX,Technology
2694,Scott Smith,1.2,75,United States,Cloud computing,Technology
2695,Bruce Springsteen,1.2,75,United States,Music,Media & Entertainment
2696,Eddy Sugianto,1.2,79,Indonesia,Coal,Metals & Mining
2697,Suh Kyung-bae,1.2,62,South Korea,Cosmetics,Fashion & Retail
2698,Sun Weijie,1.2,61,China,Oilfield equipment,Manufacturing
2699,Tan Lili,1.2,,China,Feed,Food & Beverage
2700,Eusebio Tanco,1.2,75,Philippines,"Digital entertainment, ports, education",Diversified
2701,Tang Xiuguo,1.2,61,China,Manufacturing,Manufacturing
2702,Gary Tharaldson,1.2,79,United States,Hotels,Real Estate
2703,Mustafa Latif Topbas,1.2,81,Turkey,"Food, retail",Fashion & Retail
2704,Tony Townley,1.2,62,United States,Fast food,Food & Beverage
2705,Tsao Ter-fung,1.2,78,Taiwan,Food,Food & Beverage
2706,F.C. Tseng,1.2,,Taiwan,Semiconductors,Technology
2707,Joop van den Ende,1.2,83,Netherlands,TV shows,Media & Entertainment
2708,Ruben Vardanyan & family,1.2,56,Armenia,Investment banking,Finance & Investments
2709,Lívia Voigt de Assis,1.2,20,Brazil,Industrial machinery,Manufacturing
2710,Dora Voigt de Assis,1.2,27,Brazil,Industrial machinery,Manufacturing
2711,Arkady Volozh,1.2,61,Russia,Search engine,Technology
2712,Jens von Bahr,1.2,54,Sweden,Gambling products,Gambling & Casinos
2713,Wang Jilei,1.2,60,China,Logistics,Logistics
2714,Wang Mingwang,1.2,57,China,Electronics components,Manufacturing
2715,Wang Shuifu,1.2,70,China,Manufacturing,Manufacturing
2716,Wang Yanqing & family,1.2,78,China,Carbon fiber products,Manufacturing
2717,J. Wayne Weaver,1.2,89,United States,Shoes,Diversified
2718,Dick Wolf,1.2,78,United States,Law & Order,Media & Entertainment
2719,Nicholas Woodman,1.2,49,United States,GoPro,Technology
2720,Wu Yonghua,1.2,54,China,Apparel,Fashion & Retail
2721,Xiang Wenbo,1.2,62,China,Manufacturing,Manufacturing
2722,Xu Guozhong & family,1.2,61,China,Motors,Manufacturing
2723,Zeng Chaolin,1.2,42,China,Aluminium,Metals & Mining
2724,Zhang Xuansong,1.2,53,China,Supermarkets,Fashion & Retail
2725,Kostyantin Zhevago,1.2,51,Ukraine,Mining,Metals & Mining
2726,Zong Yanmin,1.2,60,China,Semiconductor materials,Manufacturing
2727,Vlad Yatsenko,1.2,41,Ukraine,Fintech,Finance & Investments
2728,Christopher Olah,1.2,32,Canada,Artificial intelligence,Technology
2729,Sam McCandlish,1.2,34,United States,Artificial intelligence,Technology
2730,Jared Kaplan,1.2,40,United States,Artificial intelligence,Technology
2731,Frank Holding,1.2,63,United States,Banking,Finance & Investments
2732,Jack Clark,1.2,,United States,Artificial intelligence,Technology
2733,Tom Brown,1.2,38,United States,Artificial intelligence,Technology
2734,Daniela Amodei,1.2,37,United States,Artificial intelligence,Technology
2735,Husnu Ozyegin,1.15,80,Turkey,"Finance, diversified",Finance & Investments
2736,Craig Abod,1.1,61,United States,Information technology,Technology
2737,Joe Agresti,1.1,52,United States,"Auto dealerships, investments",Diversified
2738,Hamad Ali Al-Sagri,1.1,67,Saudi Arabia,Sports centers,Sports
2739,Ryuji Arai,1.1,78,Japan,Electronics retail,Fashion & Retail
2740,Takaya Awata,1.1,63,Japan,Restaurants,Food & Beverage
2741,Shay Banon,1.1,47,Israel,Search engine,Technology
2742,Philippe Benacin,1.1,66,France,Fragrances,Fashion & Retail
2743,Abigail Bennett,1.1,44,United States,Liquor,Food & Beverage
2744,Grigory Berezkin,1.1,58,Russia,Energy trading,Energy
2745,Sara Blakely,1.1,54,United States,Spanx,Fashion & Retail
2746,Thomas Bradbury,1.1,80,United States,Homebuilding,Real Estate
2747,Rafal Brzoska,1.1,47,Poland,Parcel lockers,Logistics
2748,Hideyuki Busujima,1.1,72,Japan,Pachinko machines,Gambling & Casinos
2749,Cai Wensheng,1.1,55,China,Photo sharing app,Technology
2750,Cao Ji,1.1,73,China,Manufacturing,Manufacturing
2751,Giuliana Caprotti,1.1,84,Italy,Supermarkets,Food & Beverage
2752,Marina Caprotti,1.1,47,Italy,Supermarkets,Food & Beverage
2753,Michael Chae,1.1,56,United States,Private equity,Finance & Investments
2754,Chang Byung-gyu,1.1,51,South Korea,Online games,Media & Entertainment
2755,Chang Pyung-soon,1.1,74,South Korea,Educational services,Service
2756,Chao Chung-Hsin,1.1,70,Taiwan,Cooling devices and components,Manufacturing
2757,Bernard Charles,1.1,68,France,"Software, consulting",Diversified
2758,Herald Chen,1.1,55,United States,"Marketing software, mobile games",Technology
2759,Chen Huwen,1.1,54,China,Stationery,Manufacturing
2760,Chen Huxiong,1.1,54,China,Stationery,Manufacturing
2761,Chen Jinghong & family,1.1,79,China,Auto parts,Manufacturing
2762,Chen Yuantai,1.1,57,China,Batteries,Energy
2763,John Christodoulou,1.1,59,United Kingdom,Real estate,Real Estate
2764,Michael Dunlap & family,1.1,61,United States,Loan servicing,Finance & Investments
2765,Faruk Eczacibasi,1.1,70,Turkey,"Pharmaceuticals, diversified",Diversified
2766,Alexander Evnevich & family,1.1,65,Russia,"Tea, retail",Food & Beverage
2767,Anton Fedun,1.1,40,Russia,Oil & gas,Energy
2768,Ekaterina Fedun,1.1,36,Russia,Oil & gas,Energy
2769,Per Franzén,1.1,48,Sweden,Private equity,Finance & Investments
2770,Stephen Fredette,1.1,41,United States,Payments software,Technology
2771,Victor Fung,1.1,79,United States,Sourcing,Logistics
2772,William Fung,1.1,76,Hong Kong,Sourcing,Logistics
2773,Gao Yi & family,1.1,56,China,Pharmaceuticals,Healthcare
2774,Charles Gibbon,1.1,75,New Zealand,Software,Technology
2775,Simona Giorgetta,1.1,47,Italy,Chemical products,Construction & Engineering
2776,Jan-Hendrik Goldbeck,1.1,48,Germany,Construction,Construction & Engineering
2777,Joachim Goldbeck,1.1,54,Germany,Construction,Construction & Engineering
2778,Jörg-Uwe Goldbeck,1.1,57,Germany,Construction,Construction & Engineering
2779,Jane Goldman,1.1,69,United States,Real estate,Real Estate
2780,Amy Goldman Fowler,1.1,70,United States,Real estate,Real Estate
2781,Konstantin Goncharov & family,1.1,53,Russia,Transportation,Logistics
2782,Theresia Gouw,1.1,57,United States,Venture capital,Finance & Investments
2783,Rajinder Gupta,1.1,66,India,"Textiles, paper",Manufacturing
2784,Severin Hacker,1.1,41,Switzerland,Education technology,Technology
2785,He Zhenggang,1.1,71,China,Chemicals,Manufacturing
2786,He Zuxun,1.1,59,China,Pig breeding,Food & Beverage
2787,Christian Herz,1.1,53,Germany,Coffee,Finance & Investments
2788,Michaela Herz,1.1,50,Germany,Coffee,Finance & Investments
2789,Orion Hindawi,1.1,45,United States,Software,Technology
2790,Kai-Uwe Hollweg,1.1,59,Germany,Plumbing/heating supplies,Manufacturing
2791,Nicholas Howley,1.1,63,United States,Aerospace,Manufacturing
2792,Hua Xuande & family,1.1,81,China,Pharmaceuticals,Healthcare
2793,Arthur Xiaobo Hong,1.1,53,China,E-commerce,Fashion & Retail
2794,Huang Guanlin,1.1,60,China,"Textiles, apparel",Fashion & Retail
2795,Huang Jian,1.1,58,China,Home appliances,Manufacturing
2796,Huang Qiaoling,1.1,66,China,Amusement parks,Media & Entertainment
2797,Danilo Iervolino,1.1,46,Italy,Online universities,Technology
2798,Ryan Israel,1.1,39,United States,Hedge funds,Finance & Investments
2799,Morris Kahn,1.1,95,Israel,Software,Technology
2800,Jonas Kamprad,1.1,59,Sweden,IKEA,Finance & Investments
2801,Mathias Kamprad,1.1,55,Sweden,IKEA,Finance & Investments
2802,Peter Kamprad,1.1,61,Sweden,IKEA,Finance & Investments
2803,Kenji Kasahara,1.1,49,Japan,Social network,Media & Entertainment
2804,Diane Kemper,1.1,79,United States,Real estate,Real Estate
2805,Muhammed Aziz Khan,1.1,70,Singapore,Power,Energy
2806,Suresh Krishna,1.1,88,India,Auto parts,Automotive
2807,Andrei Krivenko,1.1,49,Russia,Retail,Food & Beverage
2808,Andrei Kuzyaev,1.1,59,Russia,"Telecom, oil service, real estate",Telecom
2809,Lai Guogui & family,1.1,61,China,Machinery,Manufacturing
2810,Michael Lee-Chin,1.1,74,Canada,Mutual funds,Finance & Investments
2811,Li Hongjing,1.1,57,China,Auto parts,Automotive
2812,Li Zhigang,1.1,48,China,Machinery,Manufacturing
2813,Lim Chap Huat,1.1,70,Singapore,Property,Real Estate
2814,Lim Wee Chai,1.1,67,Malaysia,Rubber gloves,Manufacturing
2815,Liu Ming Chung,1.1,62,Brazil,Paper,Manufacturing
2816,Ma Yunsheng,1.1,62,China,Energy,Diversified
2817,Simone Maag de Moura Cunha,1.1,,Switzerland,Medical devices,Healthcare
2818,Bruce Mathieson,1.1,81,Australia,Hotels,Real Estate
2819,Yves-Loic Martin,1.1,59,France,Laboratory services,Healthcare
2820,Apoorva Mehta,1.1,38,Canada,Grocery delivery service,Technology
2821,Oleg Misrevra,1.1,57,Russia,Coal,Metals & Mining
2822,Erik Must,1.1,82,Norway,Stock brokerage,Finance & Investments
2823,Catharina Mühleis,1.1,32,Germany,Chainsaws,Manufacturing
2824,Hisao Nagata,1.1,68,Japan,Retail,Fashion & Retail
2825,Sjamsul Nursalim & family,1.1,83,Indonesia,"Tires, retail",Automotive
2826,Jose Isaac Peres & family,1.1,84,Brazil,Shopping malls,Real Estate
2827,Sundar Pichai,1.1,52,United States,Alphabet,Technology
2828,Denise Prenosil,1.1,65,United States,Dick's Sporting Goods,Fashion & Retail
2829,Qiu Minxiu,1.1,79,China,Semiconductors,Technology
2830,Quek Leng Chye,1.1,81,Singapore,Diversified,Diversified
2831,Amanda Westphal Radcliffe & family,1.1,57,United States,Tax software,Technology
2832,Rao Wei & family,1.1,60,China,Pharmaceuticals,Healthcare
2833,Alexander Rinke,1.1,35,Germany,Enterprise software,Technology
2834,Martine Rothblatt,1.1,70,United States,Pharmaceuticals,Healthcare
2835,Oliver Samwer,1.1,51,Germany,Tech investments,Technology
2836,Arnold Schwarzenegger,1.1,77,United States,"Movies, investments",Media & Entertainment
2837,Antonio Luiz Seabra,1.1,82,Brazil,Cosmetics,Fashion & Retail
2838,Jerry Seinfeld,1.1,70,United States,Comedy,Media & Entertainment
2839,Dharmesh Shah,1.1,57,United States,Software,Technology
2840,Weijian Shan,1.1,71,Hong Kong,Private equity,Finance & Investments
2841,Yuri Shefler,1.1,57,Russia,Alcohol,Food & Beverage
2842,Shin Dong-joo,1.1,71,South Korea,Retail,Fashion & Retail
2843,Maxim Shubarev,1.1,56,Russia,Real estate,Real Estate
2844,Anatoly Skurov,1.1,72,Russia,"Coal, fertilizers",Energy
2845,Timothy Springer,1.1,77,United States,Biotech,Healthcare
2846,Marco Squinzi,1.1,53,Italy,Chemical products,Construction & Engineering
2847,Veronica Squinzi,1.1,53,Italy,Chemical products,Construction & Engineering
2848,Robert Steers & family,1.1,72,United States,Cohen & Steers,Finance & Investments
2849,Zachary Stern,1.1,43,United States,Liquor,Food & Beverage
2850,Sun Hongjun,1.1,51,China,Semiconductors,Technology
2851,Herriot Tabuteau,1.1,56,United States,Healthcare,Healthcare
2852,Tang Ye,1.1,43,China,Software,Technology
2853,Hary Tanoesoedibjo,1.1,59,Indonesia,"Media, real estate",Media & Entertainment
2854,Sam Tarascio,1.1,80,Australia,Real estate,Real Estate
2855,Maxim Tebar,1.1,24,Germany,Chainsaws,Manufacturing
2856,Nutchamai Thanombooncharoen,1.1,63,Thailand,Energy drinks,Food & Beverage
2857,Stefanie Westphal Thompson & family,1.1,62,United States,Tax software,Technology
2858,Clemens Toennies,1.1,68,Germany,Meat processing,Food & Beverage
2859,Robert Toennies,1.1,46,Germany,Meat processing,Food & Beverage
2860,Michael Tojner,1.1,59,Austria,"Batteries, investments",Manufacturing
2861,Tong Yongsheng & family,1.1,60,China,Electrical equipment,Manufacturing
2862,Ahmed Afif Topbas,1.1,83,Turkey,Food retail,Fashion & Retail
2863,Murat Vargi,1.1,77,Turkey,Telecom,Telecom
2864,Pongsak Viddayakorn,1.1,91,Thailand,Hospitals,Healthcare
2865,Tatiana Volodina,1.1,55,Russia,Retail,Fashion & Retail
2866,Luis von Ahn,1.1,46,United States,Education technology,Technology
2867,Wang Minwen,1.1,61,China,Semiconductor,Technology
2868,Wang Shih-Chung,1.1,63,Taiwan,Pneumatic equipment,Manufacturing
2869,Wu Jianbin,1.1,45,China,Auto parts,Manufacturing
2870,Xiu Laigui,1.1,70,China,Pharmaceuticals,Healthcare
2871,Xu Zhihan,1.1,52,China,Electronics,Technology
2872,Igor Yakovlev,1.1,59,Russia,Home appliance stores,Fashion & Retail
2873,Ye Shanqun & family,1.1,76,China,Manufactured goods,Manufacturing
2874,George Raymond Zage III,1.1,55,Singapore,Investments,Finance & Investments
2875,Zhang Changhong,1.1,67,China,Financial information service,Technology
2876,Zhang Keqiang,1.1,64,China,Real estate,Real Estate
2877,Zhang Xin,1.1,59,China,Real estate,Real Estate
2878,Zhu Jiangming,1.1,57,China,Manufacturing,Manufacturing
2879,Vijay Agarwal,1,76,India,Construction equipment,Automotive
2880,Don Ahern,1,71,United States,Equipment rental,Service
2881,Norman Asbjornson,1,89,United States,HVAC,Manufacturing
2882,Louis Bacon,1,68,United States,Hedge funds,Finance & Investments
2883,Peter Beck,1,48,New Zealand,Spacecrafts,Technology
2884,Thor Bjorgolfsson,1,58,Iceland,Investments,Diversified
2885,Tory Burch,1,58,United States,Fashion,Fashion & Retail
2886,Cai Hongbin,1,,China,Pharmaceuticals,Healthcare
2887,Cai Mingtong,1,73,China,Electronic components,Technology
2888,Caspar Callerström,1,51,Sweden,Financial services,Finance & Investments
2889,Edouard Carmignac,1,77,France,Asset management,Finance & Investments
2890,Chao Yung-Tsang,1,69,Taiwan,Cooling devices and components,Manufacturing
2891,Chen Shibin,1,58,China,Quartz products,Manufacturing
2892,Chey Tae-won,1,64,South Korea,"Oil, semiconductor",Technology
2893,Chung Yong-jin,1,56,South Korea,Retail,Fashion & Retail
2894,Luigi Cremonini & family,1,85,Italy,Meat processing,Food & Beverage
2895,Bill Cummings,1,88,United States,Commercial real estate,Real Estate
2896,Joaquin Del Pino y Calvo-Sotelo,1,64,Spain,Construction,Construction & Engineering
2897,Deng Hui & family,1,62,United States,Software,Technology
2898,Diamantis Diamantides & family,1,77,Greece,Shipping,Logistics
2899,Kirit Doshi,1,60,India,Solar modules,Energy
2900,Dou Zhenggang,1,71,China,"Energy, chemicals",Diversified
2901,Ric Elias,1,57,United States,Media,Media & Entertainment
2902,Steve Ells,1,59,United States,Chipotle,Food & Beverage
2903,Ammar Soliman Fakeeh,1,49,Saudi Arabia,Hospitals,Healthcare
2904,Mazen Soliman Fakeeh,1,61,Saudi Arabia,Hospitals,Healthcare
2905,Fan Xiulian,1,61,China,Pharmaceuticals,Healthcare
2906,Benedicte Find,1,70,Denmark,Medical devices,Healthcare
2907,Mark Hancock,1,49,United States,Nursing facilities,Healthcare
2908,Alfredo Harp Helu & family,1,81,Mexico,"Banking, investments",Finance & Investments
2909,David Hindawi,1,80,United States,Software,Technology
2910,Oran Holtzman,1,41,Israel,Beauty and technology,Fashion & Retail
2911,Marty Horton,1,73,United States,Homebuilding,Real Estate
2912,Hedda im Brahm-Droege,1,70,Germany,Investments,Finance & Investments
2913,Parakramsinh Jadeja,1,56,India,Manufacturing,Manufacturing
2914,Sheila Johnson,1,76,United States,"Cable TV, hotels",Media & Entertainment
2915,Stephen Ketchum,1,63,United States,Investments,Finance & Investments
2916,Kim Taek-jin,1,58,South Korea,Online games,Media & Entertainment
2917,Alexander Klyachin,1,57,Russia,Real estate,Real Estate
2918,Steve Koltes,1,69,United States,Private equity,Finance & Investments
2919,Gennady Kozovoy,1,73,Russia,Coal,Energy
2920,Michael Kum,1,80,Singapore,Hotels,Real Estate
2921,Richard Kurtz,1,84,United States,Real estate,Real Estate
2922,Hans Langer,1,73,Germany,3D printing,Manufacturing
2923,Lee Ho-jin,1,62,South Korea,Diversified,Diversified
2924,Li Zhiyuan,1,70,China,Electrical components,Manufacturing
2925,Liang Wenfeng,1,40,China,"AI, hedge fund",Technology
2926,Lu Zhongfang,1,82,China,Education,Automotive
2927,Ma Bin & family,1,54,China,Manufacturing,Manufacturing
2928,Jean Madar,1,66,France,Fragrances,Fashion & Retail
2929,Lucia Maggi & family,1,92,Brazil,Agribusiness,Diversified
2930,Marissa Mayer,1,49,United States,"Google, Yahoo",Technology
2931,Zach McLeroy,1,62,United States,Fast food,Food & Beverage
2932,Miao Yongjun,1,57,China,Clinical diagnostics,Healthcare
2933,Mark Miller,1,62,Canada,Software,Technology
2934,Bob Muglia,1,65,United States,Software,Technology
2935,Nguyen Dang Quang,1,61,Vietnam,"Consumer products, banking",Food & Beverage
2936,Kalpana Parekh,1,72,India,Adhesives,Manufacturing
2937,Daonapa Patcharachai,1,71,Thailand,Motorcycle loans,Finance & Investments
2938,Chuchat Patcharachai,1,71,Thailand,Motorcycle loans,Finance & Investments
2939,Kevin Plank,1,52,United States,Under Armour,Fashion & Retail
2940,Jenny Zhiya Qian,1,48,China,Coffee chain,Food & Beverage
2941,Vivek Ramaswamy,1,39,United States,Investments,Healthcare
2942,Alexander Samwer,1,50,Germany,Tech investments,Technology
2943,Marc Samwer,1,54,Germany,Tech investments,Technology
2944,Neerja Sethi,1,70,United States,IT consulting,Technology
2945,Rajesh Sharma,1,55,India,Finance,Finance & Investments
2946,Shen Jinhua,1,58,China,E-commerce,Fashion & Retail
2947,Daonapa Patcharachai,1,71,Thailand,Motorcycle loans,Finance & Investments
2948,Kalpana Parekh,1,72,India,Adhesives,Manufacturing
2949,Nguyen Dang Quang,1,61,Vietnam,"Consumer products, banking",Food & Beverage
2950,Bob Muglia,1,65,United States,Software,Technology
2951,Mark Miller,1,62,Canada,Software,Technology
2952,Miao Yongjun,1,57,China,Clinical diagnostics,Healthcare
2953,Zach McLeroy,1,62,United States,Fast food,Food & Beverage
2954,Marissa Mayer,1,49,United States,"Google, Yahoo",Technology
2955,Lucia Maggi & family,1,92,Brazil,Agribusiness,Diversified
2956,Jean Madar,1,66,France,Fragrances,Fashion & Retail
2957,Ma Bin & family,1,54,China,Manufacturing,Manufacturing
2958,Lu Zhongfang,1,82,China,Education,Automotive
2959,Liang Wenfeng,1,40,China,"AI, hedge fund",Technology
2960,Kevin Plank,1,52,United States,Under Armour,Fashion & Retail
2961,Lee Ho-jin,1,62,South Korea,Diversified,Diversified
2962,Hans Langer,1,73,Germany,3D printing,Manufacturing
2963,Richard Kurtz,1,84,United States,Real estate,Real Estate
2964,Michael Kum,1,80,Singapore,Hotels,Real Estate
2965,Gennady Kozovoy,1,73,Russia,Coal,Energy
2966,Steve Koltes,1,69,United States,Private equity,Finance & Investments
2967,Alexander Klyachin,1,57,Russia,Real estate,Real Estate
2968,Kim Taek-jin,1,58,South Korea,Online games,Media & Entertainment
2969,Stephen Ketchum,1,63,United States,Investments,Finance & Investments
2970,Sheila Johnson,1,76,United States,"Cable TV, hotels",Media & Entertainment
2971,Parakramsinh Jadeja,1,56,India,Manufacturing,Manufacturing
2972,Hedda im Brahm-Droege,1,70,Germany,Investments,Finance & Investments
2973,Marty Horton,1,73,United States,Homebuilding,Real Estate
2974,Oran Holtzman,1,41,Israel,Beauty and technology,Fashion & Retail
2975,Stephen Mandel, Jr.,2.5,69,United States,Hedge funds
2976,Henry Sy, Jr.,2.3,71,Philippines,Diversified
2977,B. Wayne Hughes, Jr.,2.2,65,United States,Storage facilities
